CREATE DATABASE  IF NOT EXISTS `pocketctisschema` /*!40100 DEFAULT CHARACTER SET utf8mb4 COLLATE utf8mb4_unicode_520_ci */ /*!80016 DEFAULT ENCRYPTION='N' */;
USE `pocketctisschema`;
-- MySQL dump 10.13  Distrib 8.0.31, for Win64 (x86_64)
--
-- Host: 127.0.0.1    Database: pocketctisschema
-- ------------------------------------------------------
-- Server version	8.0.31

/*!40101 SET @OLD_CHARACTER_SET_CLIENT=@@CHARACTER_SET_CLIENT */;
/*!40101 SET @OLD_CHARACTER_SET_RESULTS=@@CHARACTER_SET_RESULTS */;
/*!40101 SET @OLD_COLLATION_CONNECTION=@@COLLATION_CONNECTION */;
/*!50503 SET NAMES utf8 */;
/*!40103 SET @OLD_TIME_ZONE=@@TIME_ZONE */;
/*!40103 SET TIME_ZONE='+00:00' */;
/*!40014 SET @OLD_UNIQUE_CHECKS=@@UNIQUE_CHECKS, UNIQUE_CHECKS=0 */;
/*!40014 SET @OLD_FOREIGN_KEY_CHECKS=@@FOREIGN_KEY_CHECKS, FOREIGN_KEY_CHECKS=0 */;
/*!40101 SET @OLD_SQL_MODE=@@SQL_MODE, SQL_MODE='NO_AUTO_VALUE_ON_ZERO' */;
/*!40111 SET @OLD_SQL_NOTES=@@SQL_NOTES, SQL_NOTES=0 */;

--
-- Table structure for table `accounttype`
--

DROP TABLE IF EXISTS `accounttype`;
/*!40101 SET @saved_cs_client     = @@character_set_client */;
/*!50503 SET character_set_client = utf8mb4 */;
CREATE TABLE `accounttype` (
  `id` int unsigned NOT NULL AUTO_INCREMENT,
  `type_name` varchar(20) CHARACTER SET utf8mb4 COLLATE utf8mb4_unicode_520_ci NOT NULL,
  PRIMARY KEY (`id`),
  UNIQUE KEY `type_name` (`type_name`)
) ENGINE=InnoDB AUTO_INCREMENT=5 DEFAULT CHARSET=utf8mb4 COLLATE=utf8mb4_unicode_520_ci;
/*!40101 SET character_set_client = @saved_cs_client */;

--
-- Dumping data for table `accounttype`
--

LOCK TABLES `accounttype` WRITE;
/*!40000 ALTER TABLE `accounttype` DISABLE KEYS */;
INSERT INTO `accounttype` VALUES (4,'admin'),(2,'alumni'),(3,'instructor'),(1,'student');
/*!40000 ALTER TABLE `accounttype` ENABLE KEYS */;
UNLOCK TABLES;

--
-- Table structure for table `city`
--

DROP TABLE IF EXISTS `city`;
/*!40101 SET @saved_cs_client     = @@character_set_client */;
/*!50503 SET character_set_client = utf8mb4 */;
CREATE TABLE `city` (
  `id` int unsigned NOT NULL AUTO_INCREMENT,
  `city_name` varchar(100) CHARACTER SET utf8mb4 COLLATE utf8mb4_unicode_520_ci NOT NULL,
  `country_id` int unsigned NOT NULL,
  PRIMARY KEY (`id`),
  KEY `FK_city_country` (`country_id`),
  CONSTRAINT `FK_city_country` FOREIGN KEY (`country_id`) REFERENCES `country` (`id`) ON DELETE CASCADE
) ENGINE=InnoDB AUTO_INCREMENT=83 DEFAULT CHARSET=utf8mb4 COLLATE=utf8mb4_unicode_520_ci;
/*!40101 SET character_set_client = @saved_cs_client */;

--
-- Dumping data for table `city`
--

LOCK TABLES `city` WRITE;
/*!40000 ALTER TABLE `city` DISABLE KEYS */;
INSERT INTO `city` VALUES (1,'ADANA',1),(2,'ADIYAMAN',1),(3,'AFYONKARAHİSAR',1),(4,'AĞRI',1),(5,'AMASYA',1),(6,'ANKARA',1),(7,'ANTALYA',1),(8,'ARTVİN',1),(9,'AYDIN',1),(10,'BALIKESİR',1),(11,'BİLECİK',1),(12,'BİNGÖL',1),(13,'BİTLİS',1),(14,'BOLU',1),(15,'BURDUR',1),(16,'BURSA',1),(17,'ÇANAKKALE',1),(18,'ÇANKIRI',1),(19,'ÇORUM',1),(20,'DENİZLİ',1),(21,'DİYARBAKIR',1),(22,'EDİRNE',1),(23,'ELAZIĞ',1),(24,'ERZİNCAN',1),(25,'ERZURUM',1),(26,'ESKİŞEHİR',1),(27,'GAZİANTEP',1),(28,'GİRESUN',1),(29,'GÜMÜŞHANE',1),(30,'HAKKARİ',1),(31,'HATAY',1),(32,'ISPARTA',1),(33,'MERSİN(İÇEL)',1),(34,'İSTANBUL',1),(35,'İZMİR',1),(36,'KARS',1),(37,'KASTAMONU',1),(38,'KAYSERİ',1),(39,'KIRKLARELİ',1),(40,'KIRŞEHİR',1),(41,'KOCAELİ',1),(42,'KONYA',1),(43,'KÜTAHYA',1),(44,'MALATYA',1),(45,'MANİSA',1),(46,'KAHRAMANMARAŞ',1),(47,'MARDİN',1),(48,'MUĞLA',1),(49,'MUŞ',1),(50,'NEVŞEHİR',1),(51,'NİĞDE',1),(52,'ORDU',1),(53,'RİZE',1),(54,'SAKARYA',1),(55,'SAMSUN',1),(56,'SİİRT',1),(57,'SİNOP',1),(58,'SİVAS',1),(59,'TEKİRDAĞ',1),(60,'TOKAT',1),(61,'TRABZON',1),(62,'TUNCELİ',1),(63,'ŞANLIURFA',1),(64,'UŞAK',1),(65,'VAN',1),(66,'YOZGAT',1),(67,'ZONGULDAK',1),(68,'AKSARAY',1),(69,'BAYBURT',1),(70,'KARAMAN',1),(71,'KIRIKKALE',1),(72,'BATMAN',1),(73,'ŞIRNAK',1),(74,'BARTIN',1),(75,'ARDAHAN',1),(76,'IĞDIR',1),(77,'YALOVA',1),(78,'KARABÜK',1),(79,'KİLİS',1),(80,'OSMANİYE',1),(81,'DÜZCE',1),(82,'BERLIN',2);
/*!40000 ALTER TABLE `city` ENABLE KEYS */;
UNLOCK TABLES;

--
-- Table structure for table `company`
--

DROP TABLE IF EXISTS `company`;
/*!40101 SET @saved_cs_client     = @@character_set_client */;
/*!50503 SET character_set_client = utf8mb4 */;
CREATE TABLE `company` (
  `id` int unsigned NOT NULL AUTO_INCREMENT,
  `company_name` varchar(100) CHARACTER SET utf8mb4 COLLATE utf8mb4_unicode_520_ci NOT NULL,
  `sector_id` int unsigned NOT NULL,
  `is_internship` tinyint(1) NOT NULL DEFAULT '0',
  `rating` tinyint DEFAULT NULL,
  PRIMARY KEY (`id`),
  UNIQUE KEY `company_name` (`company_name`),
  KEY `FK_company_sector` (`sector_id`),
  CONSTRAINT `FK_company_sector` FOREIGN KEY (`sector_id`) REFERENCES `sector` (`id`) ON DELETE CASCADE,
  CONSTRAINT `CHK_is_internship` CHECK (((`is_internship` = true) or ((`is_internship` = false) and (`rating` = NULL))))
) ENGINE=InnoDB AUTO_INCREMENT=11302 DEFAULT CHARSET=utf8mb4 COLLATE=utf8mb4_unicode_520_ci;
/*!40101 SET character_set_client = @saved_cs_client */;

--
-- Dumping data for table `company`
--

LOCK TABLES `company` WRITE;
/*!40000 ALTER TABLE `company` DISABLE KEYS */;
INSERT INTO `company` VALUES (1,'Amazon',3,1,NULL),(2,'İş Bankası',1,0,NULL),(3,'Hacettepe',2,0,NULL),(4,'Arçelik',6,1,NULL),(5,'Dyson',2,0,4),(6,'Türk Telekom',4,1,3),(7,'Isparta Tur',5,0,NULL),(8,'Kıraç',1,0,NULL),(9,'İrem Company',2,0,NULL),(10,'Education Inc.',2,0,NULL),(11,'ITU',2,0,NULL),(12,'TEch Corporations',7,0,NULL),(13,'Google',1,1,NULL),(14,'Turkcell',2,0,NULL),(15,'Vodafone',3,0,NULL),(16,'Berny',4,0,NULL),(17,'Dominos',5,0,NULL),(18,'Steven Inc.',6,0,NULL),(19,'Disney',7,0,NULL),(20,'Merch Corp.',1,0,NULL),(21,'MovieMaker',2,0,NULL),(22,'Hoocy Noon',3,0,NULL),(23,'Barcelona',4,0,NULL),(24,'Facebook',5,0,NULL),(25,'Dunkin Dunk',6,0,NULL),(26,'DC',7,0,NULL),(27,'Marvel Studios',1,0,NULL),(28,'Charlton',2,0,NULL),(29,'Arena H',3,0,NULL),(30,'Ronaldo Company',4,0,NULL),(31,'HP',5,0,NULL),(32,'Aselsan',6,0,NULL),(33,'Spotify',7,0,NULL),(34,'Pokemon Go',1,0,NULL),(35,'Monkey Business',2,0,NULL),(51,'Some Comp',4,0,NULL),(63,'VMLOWSOBSAPXDFC',1,0,NULL),(64,'IXYICJMZCTZZHWQ',3,0,NULL),(65,'LZLFCVWSSCRQCHG',3,0,NULL),(66,'BVBIZAZQPSGWNIA',4,0,NULL),(67,'RFSGVHRURMGXBUF',7,0,NULL),(68,'HUZQGSNMXQGXXPC',4,0,NULL),(69,'NBPNPCLTGJZOUOA',1,0,NULL),(70,'TEIYBVQHNQQZCVW',6,0,NULL),(71,'FBVGBPCJWRRJBOV',5,0,NULL),(72,'JCMYVNRQWRSTRYS',2,0,NULL),(73,'NYPONEOUUEOBWGP',2,0,NULL),(74,'YXLQVSWIUDFVPNC',6,0,NULL),(75,'QRKIXGBKCZJGJSC',3,0,NULL),(76,'JOLUDLSFUWRAZZP',7,0,NULL),(77,'IBSYVSPWUBMROCG',2,0,NULL),(78,'KWCDCPMPSQQDCLB',6,0,NULL),(79,'ZNNHFRNCJDYWSWM',7,0,NULL),(80,'EEVQBCQYSMHZAGL',2,0,NULL),(81,'BLJXUWBKOUGQJWV',2,0,NULL),(82,'OJGMUWNCISTLEKF',5,0,NULL),(83,'HOVPEJMJJJUXPQP',4,0,NULL),(84,'JAEQGCMUDONQVID',4,0,NULL),(85,'IRACDWOCJDHSIXI',3,0,NULL),(86,'QVYMKDXKTAHMKXV',7,0,NULL),(87,'FOHJDXUPEJKUNWI',6,0,NULL),(88,'UNJJCDEQNUIPXJN',7,0,NULL),(89,'AFCPEAHTWZLNCCS',1,0,NULL),(90,'RBFLZZUFKYGKKHU',2,0,NULL),(91,'RUCRTHBJCEGYZJT',4,0,NULL),(92,'DJSNLDOVCYKEZAW',3,0,NULL),(93,'JCBJWYSXBHQCNQQ',7,0,NULL),(94,'XYYAPFADIHWRNJF',3,0,NULL),(95,'CDGEHIJUKDFBHEL',6,0,NULL),(96,'AQGIVMMAOIQCZBZ',1,0,NULL),(97,'UGSBNACPHMRFZKM',5,0,NULL),(98,'QNBCXXMCYQOZASI',4,0,NULL),(99,'TVYYGVSFWPTDDPL',1,0,NULL),(100,'VWJIZZYVLNOIQWD',3,0,NULL),(101,'FGHLLSSXNNNDPAK',4,0,NULL),(102,'JDIJNHTOWLSKUGR',4,0,NULL),(103,'MVOXSTEJZYDXEUL',2,0,NULL),(104,'DSKVNYQFRBHUBFJ',4,0,NULL),(105,'ZDCZIMNBSIIOMHW',4,0,NULL),(106,'SLDBTJCZNNGYBAM',2,0,NULL),(107,'KNOCLCPLVVBCGQD',3,0,NULL),(108,'KMQRHYIUFHFOSNK',6,0,NULL),(109,'RXOYMHRCHPUFDMC',7,0,NULL),(110,'CIAYGVJAIBNPZSW',5,0,NULL),(111,'XHRIUOIFEEWBEFF',2,0,NULL),(112,'MJOVJOONGQMCNKU',5,0,NULL),(113,'WEMJERLYXPOWCPY',4,0,NULL),(114,'ZKMKNCCHXHKUEDP',4,0,NULL),(115,'ZUWUJFIRLLWQVIW',3,0,NULL),(116,'VEBBDKFEREFIMZW',3,0,NULL),(117,'NUOCKICRVISAJAN',7,0,NULL),(118,'HDHYKNGSHQDTNYB',2,0,NULL),(119,'OAWRPPESDHDGNBP',3,0,NULL),(120,'GHIOZWMFUKGGXCQ',4,0,NULL),(121,'ULOOPNTCGTUQTQL',4,0,NULL),(122,'RRDBZOVGFVQBHQW',4,0,NULL),(123,'UREZXEISYUWMAPC',5,0,NULL),(124,'QZCIPHZADAMQQMR',3,0,NULL),(125,'IADFMSSLHRZBDRJ',3,0,NULL),(126,'ZJZPULOBDJIWVBM',3,0,NULL),(127,'WCWQWRRDUGIVKYK',5,0,NULL),(128,'AXCDLCXVSQSWGTW',6,0,NULL),(129,'VBLGTACCEHXKNYL',6,0,NULL),(130,'PYIEOUYAZUHFBYF',2,0,NULL),(131,'LQIXCZXLTYAYDTR',6,0,NULL),(132,'SHJUQBNABYDHTFY',1,0,NULL),(133,'FCCJXRNOFWWVPYC',2,0,NULL),(134,'BPOLTPXDHLGCNXD',7,0,NULL),(135,'LOQCVBPITMHLTWM',5,0,NULL),(136,'IYLAKSPWOLAJDVX',5,0,NULL),(137,'YMWNZRMRKMXXRNF',3,0,NULL),(138,'AKEXORDMXVDGXGO',2,0,NULL),(139,'HKDZZIALEPLWLKN',1,0,NULL),(140,'BMHJJJYLQAUTFEG',3,0,NULL),(141,'UISDFIWRTTURIXD',4,0,NULL),(142,'GIRYBIYCNGJECHD',1,0,NULL),(143,'PFCJXUYOYPQKKHY',7,0,NULL),(144,'MWOGTSLGMZAKVFW',6,0,NULL),(145,'HFRBRWJZCNHWMMR',5,0,NULL),(146,'KWBFPLDPKFAAZLC',6,0,NULL),(147,'HYCBCKLTADDWKGI',2,0,NULL),(148,'WKCEWNLKAJFCITY',7,0,NULL),(149,'ULRAARNLWSLFUOM',1,0,NULL),(150,'PXOGBFJJTLYGTPD',3,0,NULL),(151,'KAVNJTEZSKMQAIB',3,0,NULL),(152,'NAOSQJICEYQYLND',4,0,NULL),(153,'MZAIJURWVQWIDIK',7,0,NULL),(154,'WTEQFYPTDVLWNYB',2,0,NULL),(155,'HLDWAKDKSEBBABB',1,0,NULL),(156,'CWCLNWGISIVGNWZ',3,0,NULL),(157,'THVAIUKEDZVIUCH',4,0,NULL),(158,'AXMDWAYDAIJIWLP',7,0,NULL),(159,'ZFKVTZERNWRRFUW',7,0,NULL),(160,'UTQXDFUCVONPLJM',2,0,NULL),(161,'SLZNQDSEOYRRERP',1,0,NULL),(162,'CLMYCNEARXTXEUT',5,0,NULL),(163,'HEQJGEYCDIBUCKB',5,0,NULL),(164,'FZOFZHVELVRXKVX',1,0,NULL),(165,'AFMIGMEHOEISFIB',5,0,NULL),(166,'ULTNVWSTVOGKOSG',7,0,NULL),(167,'AGFPMCCEZWQLQLC',3,0,NULL),(168,'VRSJSGAREAJMFAJ',6,0,NULL),(169,'HDZGGITQHFJYVPQ',3,0,NULL),(170,'ODUFMSHWNWHOTRU',3,0,NULL),(171,'FEMZKJFGNEVHNPO',7,0,NULL),(172,'OKDLGHNGOZPGNZA',4,0,NULL),(173,'JRPBCNAICYKATRU',2,0,NULL),(174,'ECLRVIFAMVPQNAR',2,0,NULL),(175,'QAYGRYXQJWRHVYB',4,0,NULL),(176,'PPYUMIDTYBAUAAY',2,0,NULL),(177,'CJLPZVPEVGAFAGV',3,0,NULL),(178,'BCKRGXEBZQTJPUP',3,0,NULL),(179,'METUQHUPYMNRATG',1,0,NULL),(180,'JPAVCQIPOXFCDET',7,0,NULL),(181,'LNMUHCMOQWUMAWC',2,0,NULL),(182,'TVWFUIKXWKLYHRS',6,0,NULL),(183,'COPURKNIFNUTQSF',1,0,NULL),(184,'VNVLPHQIKCGDYPD',4,0,NULL),(185,'RMDVITSQKSSFVET',1,0,NULL),(186,'SFWNBZCZIPISTFZ',6,0,NULL),(187,'PRNAMKOLHYQIDRS',5,0,NULL),(188,'AQYSTTNNHYQCRII',1,0,NULL),(189,'CKMYPDJBLZVFNCG',2,0,NULL),(190,'VGENNJEJYZZGQQZ',7,0,NULL),(191,'DCUGXQINQKERABG',5,0,NULL),(192,'LGHFUSHCJEUVTWQ',7,0,NULL),(193,'HKCBYTBHYIMXHXL',2,0,NULL),(194,'EVZRXCQKMBGLHNG',6,0,NULL),(195,'YLBPRZKOQNDGCHK',1,0,NULL),(196,'ZAESWSEDDSWTCBQ',3,0,NULL),(197,'GKSNDTWXHVIPRTU',1,0,NULL),(198,'WAOZZZNQGOOFLBT',3,0,NULL),(199,'LWXVDONEAVMUXGL',2,0,NULL),(200,'LQDHXTURNGHAPIW',3,0,NULL),(201,'WACFWDJDWIJCEBO',3,0,NULL),(202,'CRTEULONGJERNGD',1,0,NULL),(203,'WHQSQTLIVUCHRBC',4,0,NULL),(204,'CXDAPPBHAAAIJFS',4,0,NULL),(205,'AULBOHEDLNQFVQQ',5,0,NULL),(206,'MOJSCFCWYVEVJGO',6,0,NULL),(207,'NDEXBUTVRJYLPZA',4,0,NULL),(208,'JUJAQTXUDEAUDSR',6,0,NULL),(209,'ZBANVAOSDPKUZBT',6,0,NULL),(210,'EDOHQYDEHDJATIM',1,0,NULL),(211,'CKPZCIDEVKPVRPT',1,0,NULL),(212,'JOUZMZFSRQCWISR',1,0,NULL),(213,'YWECUZBPCQUYDHP',1,0,NULL),(214,'CPAFEVNMCTOSFGR',6,0,NULL),(215,'IKOMPRRVYKUXSET',7,0,NULL),(216,'JCZLYGXQKDPQRRP',7,0,NULL),(217,'AQNTDONPLIDYFZU',5,0,NULL),(218,'TKOFNYUGMDPHSLE',2,0,NULL),(219,'GUMHVRRUAZSWSMW',3,0,NULL),(220,'BTAJKUHLJQLXVLZ',1,0,NULL),(221,'CEEIIKDYZOLTUHY',2,0,NULL),(222,'QSDICVOCQBYGUOC',4,0,NULL),(223,'JKCJKENCKEGNSVR',4,0,NULL),(224,'BRAICQUQVATYUPG',1,0,NULL),(225,'EHWCEULCWVJSHSK',1,0,NULL),(226,'UWCPEPWLUJLIFBY',5,0,NULL),(227,'JQTVHAQRRFWMVZB',6,0,NULL),(228,'BZTBVBNJDGWSZYD',1,0,NULL),(229,'ZLDAUHNVRKLOLTB',3,0,NULL),(230,'MASGZADHHGGVUVY',4,0,NULL),(231,'YWWQVDKSWETGUFF',5,0,NULL),(232,'TROKPBWRYOBDDHN',5,0,NULL),(233,'GBUXALMVINUAFFS',6,0,NULL),(234,'HSTOEOHLGKJYZZT',5,0,NULL),(235,'DXYFUNDYPZHMNHV',5,0,NULL),(236,'NECNWNKEBYCIEWO',3,0,NULL),(237,'JTGKOXXXWBBOSYE',5,0,NULL),(238,'XQJPZCISMJMTWCE',2,0,NULL),(239,'FRPEXLDMSIHEWUI',2,0,NULL),(240,'MZENWJFLGORCMPW',2,0,NULL),(241,'RDGSIETZWPQEJID',1,0,NULL),(242,'XGMCBICDXZTZADW',4,0,NULL),(243,'BMDHDHDFXKXHHAG',5,0,NULL),(244,'ZWVXXAQOZHHYHBU',3,0,NULL),(245,'MHQRFSLYYKWWMYO',1,0,NULL),(246,'DIGAILQUNQCVMEK',6,0,NULL),(247,'JRYQRRDDTPZLFJN',5,0,NULL),(248,'ZHMSELXFTNCZZPN',2,0,NULL),(249,'WMPFWMKWXDGROBA',6,0,NULL),(250,'FENQQTCWGUVNIVP',6,0,NULL),(251,'SGEGCHNZHPZSCIZ',3,0,NULL),(252,'YIPRPSPNCTABXYG',1,0,NULL),(253,'GDJRAZQPJGLVDNR',4,0,NULL),(254,'GDTYWBJYYEANEOG',6,0,NULL),(255,'OHBBBPROTJCZUSB',7,0,NULL),(256,'HOQBFULWRVDNEEI',1,0,NULL),(257,'FWFMBDYDVYPGXHA',2,0,NULL),(258,'JWDQUHDNULZFLAD',4,0,NULL),(259,'CZGIGJWYMGRACBC',4,0,NULL),(260,'UJUYLPXEQBQOXLD',3,0,NULL),(261,'TNHLNUROPMAQZSW',3,0,NULL),(262,'MYXIOWKEBAIXIXC',7,0,NULL),(263,'RPZVJDNVBMNQYAX',5,0,NULL),(264,'MRDUGQYCNRQNQTL',4,0,NULL),(265,'ORTJGEUOUMQHYEC',2,0,NULL),(266,'PFMCOQBOBKORQJY',2,0,NULL),(267,'WBJODAENZRPVNCX',6,0,NULL),(268,'RCHFVVAUZYLCJMH',3,0,NULL),(269,'FQZCYKGJLSTDODV',7,0,NULL),(270,'NCTVRUASGHEWQYI',3,0,NULL),(271,'CMQGGLNMYGWEABK',4,0,NULL),(272,'PYTIRTCFGLPYNTL',3,0,NULL),(273,'VTXWDEFWGDNOIWA',5,0,NULL),(274,'WDLAZYJUXODEBOI',5,0,NULL),(275,'AEBRWYJKOFQEZVL',7,0,NULL),(276,'WAQXYUPSKZNJGPU',3,0,NULL),(277,'RFXMVILFORNFELC',7,0,NULL),(278,'UVOVKLHBGYDPBPQ',4,0,NULL),(279,'FCYLIIJIFECDBNS',6,0,NULL),(280,'QTENRXMRBGVTFDY',6,0,NULL),(281,'ASQWFNSNCKTEYGH',5,0,NULL),(282,'LOZNZJJQVFIOFCN',4,0,NULL),(283,'DMWLNLUXLQODTRA',2,0,NULL),(284,'MQTBBHNOYSXGDKC',7,0,NULL),(285,'ZRRNXRVJIXJGAFK',7,0,NULL),(286,'YXKDZBDBOXDGDAF',4,0,NULL),(287,'IGHOSKWTAQSUHNU',4,0,NULL),(288,'GDWNIMZRFEGNCYK',2,0,NULL),(289,'BFAZQPMWYEFBBYK',4,0,NULL),(290,'ZMVPMWSYOEHXDPP',2,0,NULL),(291,'RRYPCWYBAPCWDTK',5,0,NULL),(292,'UFYNXDLZKPHNSOS',3,0,NULL),(293,'LLSSCKOEAEGXGEW',3,0,NULL),(294,'OZJELOHPQZMTQOW',7,0,NULL),(295,'YEWHOFJIMKMBZCN',7,0,NULL),(296,'SGSPBJHLKYRRIPD',6,0,NULL),(297,'EHLYQMQNTTIYYHM',1,0,NULL),(298,'JQNTNVNJQXLVCNU',1,0,NULL),(299,'JQOLPYQCPJFROPY',6,0,NULL),(300,'MCANSJEYTXTGWHV',5,0,NULL),(301,'FTHUHNIMDEPECGI',6,0,NULL),(302,'OYZKYCJALVNWLYH',3,0,NULL),(303,'ROVHKYVUAKHFLBD',3,0,NULL),(304,'ANFGQHKVIVIFPIO',3,0,NULL),(305,'OEXPIMHTBFIDFBR',2,0,NULL),(306,'DHARAIAVVLOPYQL',7,0,NULL),(307,'QHDZIKZOBVIYKVT',2,0,NULL),(308,'WTXDXHTIGHNHSMB',1,0,NULL),(309,'ROOZYJFOWKIUHBZ',1,0,NULL),(310,'OGFPDPIOOGULTOZ',1,0,NULL),(311,'LGPVLLRPPGVTIJN',3,0,NULL),(312,'NATINSECLRKMTXR',6,0,NULL),(313,'MGBGNLOXMFVNZIH',7,0,NULL),(314,'VMMMSNFLNXPURZJ',4,0,NULL),(315,'TOADKZSMNALQSZW',4,0,NULL),(316,'AKLOYJCTQOVGJRD',7,0,NULL),(317,'GRFEARSQYPMOQHE',5,0,NULL),(318,'WVHMOXYZKXDQNCB',6,0,NULL),(319,'GAYWVLWFEPGNMRN',5,0,NULL),(320,'UXOGHVHMPTQJHFW',4,0,NULL),(321,'QRZCNZKRMQBPZOD',5,0,NULL),(322,'RUDMNLPXGDSKOJP',2,0,NULL),(323,'RITDGIRCZRDXKLO',2,0,NULL),(324,'ZHKINUVGHRXBMEB',4,0,NULL),(325,'SODDFLLAOAZZWRU',1,0,NULL),(326,'QIENOSUOYWQDBIJ',7,0,NULL),(327,'SSUIBIHPCPQGQCO',5,0,NULL),(328,'TQMPLNCBCHIGLZI',1,0,NULL),(329,'GBTSLOWHZMPXFDB',3,0,NULL),(330,'CWVAJOPMBBIEPNU',1,0,NULL),(331,'EAOJPFSESNWHFDP',6,0,NULL),(332,'IZGLFHDTLGIOTGU',5,0,NULL),(333,'GNHXYHUTDIDFDIN',5,0,NULL),(334,'APNARZUFGFUXTHM',5,0,NULL),(335,'UXEVCEZOEYQXDDX',6,0,NULL),(336,'QVAHUKWWIEEMWBC',2,0,NULL),(337,'YGCTMBDRSVKWDBO',5,0,NULL),(338,'YZUXJVKLERNHZYC',6,0,NULL),(339,'LYFXOUBREXBUHEV',6,0,NULL),(340,'ZRYLPLNVDRKOYKC',3,0,NULL),(341,'NBDWRIUKURQFOQZ',5,0,NULL),(342,'VJSLRMNQAZMLIKD',1,0,NULL),(343,'YDYVDIASDBDQHXA',7,0,NULL),(344,'ZKNSLCJGRDOQUSO',2,0,NULL),(345,'YHOIDBLFRKHNLTP',1,0,NULL),(346,'XZPBETWMBGZZFXP',7,0,NULL),(347,'EOHOAAHWOLMSPVV',6,0,NULL),(348,'TCZVPULLLTXOEXM',6,0,NULL),(349,'KAVUMKGXRWQNXTL',6,0,NULL),(350,'WTBWRZIGVPFBXVV',2,0,NULL),(351,'HTCLNNDXNBJLCKN',3,0,NULL),(352,'EJMMZFRPJUTIONA',1,0,NULL),(353,'LRURJVVZNXPLTIE',1,0,NULL),(354,'TMZVMVGGRTMJQPN',1,0,NULL),(355,'VTXBUPZAAQMYDBN',4,0,NULL),(356,'IQTKNBVKGRDQTOW',1,0,NULL),(357,'HEUGTRJRESXDRVW',5,0,NULL),(358,'OLLLLRUQZKFOKZO',1,0,NULL),(359,'EPRBHASNTOLBKWW',6,0,NULL),(360,'GQZAPXLMKVVIWEX',5,0,NULL),(361,'LTOZZNMSOUMEEFJ',2,0,NULL),(362,'IPAVAFXMAQYKOPR',5,0,NULL),(363,'KAITAFDGAPJHOZE',5,0,NULL),(364,'QHHVDKIDPAQZKNB',5,0,NULL),(365,'BZQHHDFZEUDEFEP',2,0,NULL),(366,'GXMTSZFAWXGADLI',3,0,NULL),(367,'CTWICMMZOZAOOJV',7,0,NULL),(368,'YCPSGKUPZKWNCKB',3,0,NULL),(369,'LDUUNRNXYQBPZJB',7,0,NULL),(370,'VFAJLUMAJIHSKUY',7,0,NULL),(371,'EEGPXIYGSOPHENB',2,0,NULL),(372,'XUSYOVMZIRTEUAO',7,0,NULL),(373,'CVZTMRMGSOKTQEQ',7,0,NULL),(374,'IYZGUFMQWNPSCAK',3,0,NULL),(375,'ZTOBRTGDLDIZIPO',7,0,NULL),(376,'VCIDNKSIURNLNST',6,0,NULL),(377,'KVYQKASZMASGFSI',2,0,NULL),(378,'OUXHTMFMWOHLGCJ',2,0,NULL),(379,'WGGHWZYPQUNSDND',5,0,NULL),(380,'JTXNQSWAOJUEHNZ',4,0,NULL),(381,'SMWPXJVOOJDOKES',1,0,NULL),(382,'DLEYWRIUXCZOYOK',7,0,NULL),(383,'MOQTWASCHMPARLS',6,0,NULL),(384,'EULAGEHYTNMVXWG',5,0,NULL),(385,'FNLYEFHGNIWIPWC',4,0,NULL),(386,'YJVRQGDHJLXSRIN',6,0,NULL),(387,'VPVAHWOBFPHTHLE',2,0,NULL),(388,'PYZGKHZLEXEFTVM',4,0,NULL),(389,'YKJKVCEKPSNEUSI',2,0,NULL),(390,'YUQOYLRVOYZIMJX',3,0,NULL),(391,'VIIPRUHSMXRJJGQ',1,0,NULL),(392,'CFRBTHTZGVYRFUU',5,0,NULL),(393,'EEELIUJFYWDZLZQ',7,0,NULL),(394,'FFDYVXXWTKMIWFX',1,0,NULL),(395,'YHYEIBUFQTMLGLB',7,0,NULL),(396,'VXNZMKMXIWJYFYY',1,0,NULL),(397,'ICQBTLQOQHVKWOP',7,0,NULL),(398,'FJYBSPOVYYDNLYG',6,0,NULL),(399,'LPDGUHXDWETKCND',6,0,NULL),(400,'JXKQOARQZESJAXI',3,0,NULL),(401,'JQWWNORQHANTIXA',6,0,NULL),(402,'PGTBJTLWBXVWCWU',2,0,NULL),(403,'LMYEJGKRRAHBFOO',5,0,NULL),(404,'VHYICGVQAJXROQJ',5,0,NULL),(405,'TPHBERYNMCTPQSV',7,0,NULL),(406,'TYSCVOZDHKUQZZS',2,0,NULL),(407,'YZATDMWQZNBVWEX',7,0,NULL),(408,'KFVLITKWJGOGLPV',7,0,NULL),(409,'CFZKWBYFCQKKUPB',5,0,NULL),(410,'YHZCRBJYZVVMDHI',1,0,NULL),(411,'LKIDZQUNLIBWOHY',1,0,NULL),(412,'FNKCAHOTRQFWQYG',7,0,NULL),(413,'LLZRYYEVFVNIDEV',7,0,NULL),(414,'NVHKTAWJGPMROSC',6,0,NULL),(415,'CVAVGTXHUKYAIFG',2,0,NULL),(416,'RLFGPLDEPOLAQKW',4,0,NULL),(417,'UCGYBFIRSDREXNF',3,0,NULL),(418,'KUJRORHIHMRLODF',4,0,NULL),(419,'YDRAQIAZEUMTKYF',7,0,NULL),(420,'UDCPZBNDOJOXSMG',1,0,NULL),(421,'VAJBSJCCNEXXJZK',6,0,NULL),(422,'VCAZBVTDARJIERA',3,0,NULL),(423,'PWRRADUVCDPSOUB',2,0,NULL),(424,'FQHFEPXLWWPHWLD',3,0,NULL),(425,'LYEZPWKVXUNNBSW',4,0,NULL),(426,'WBYUJPLEBNQOAVM',5,0,NULL),(427,'YLKQKZBOACZVVNH',5,0,NULL),(428,'ZKEMFGXDZEZUWIS',2,0,NULL),(429,'UTSSCPFWDBFFLND',5,0,NULL),(430,'HMTENCNOQJQJTNP',3,0,NULL),(431,'NQBNRQKKBTZTRSL',5,0,NULL),(432,'QVFAFUPKHKZRFLM',3,0,NULL),(433,'AZTDNXIRDBIMEGO',5,0,NULL),(434,'EYANIFMHDMSTIBM',5,0,NULL),(435,'RNFURVMXCFYPDVW',3,0,NULL),(436,'QNGPCOMWLWIERGZ',4,0,NULL),(437,'IODGSRTYMFTOPXK',7,0,NULL),(438,'KAUMIXNXVDZDRJI',6,0,NULL),(439,'NYHCNXPGRXRCXBD',7,0,NULL),(440,'WLHQZEBADEKODHC',5,0,NULL),(441,'TCMWEIKVMHMIYIA',6,0,NULL),(442,'DGXMKYECKYWJHYN',6,0,NULL),(443,'KTRONLRZKSISZFU',5,0,NULL),(444,'OXDKSPYGJPMNRNC',3,0,NULL),(445,'TBCIEBDASTOMBWO',6,0,NULL),(446,'PYIXPXJUILITIZR',5,0,NULL),(447,'IOAVYARLZTFCWJR',5,0,NULL),(448,'KXHOWUJTIVMOHQU',6,0,NULL),(449,'CMXSRVECSTLJBPA',5,0,NULL),(450,'TPOOWZQANUQNXMQ',4,0,NULL),(451,'CAONFKSGOAHGVPU',2,0,NULL),(452,'PVCUEHKNBYIKJYY',7,0,NULL),(453,'UJGLPQPSJWPNMRU',7,0,NULL),(454,'GWFUSCMZBBMQGSD',3,0,NULL),(455,'UYMEELZYUGPXNQR',4,0,NULL),(456,'HXOAGJDCHEBQUPN',3,0,NULL),(457,'HBWAGXIPDMRRAQO',3,0,NULL),(458,'BSBTJYYRXPZABUD',1,0,NULL),(459,'CYNDDYCUBCDCCOF',7,0,NULL),(460,'GFHIZGBONPUNLRB',3,0,NULL),(461,'VPZWDHKXHMEAHOZ',4,0,NULL),(462,'LYFPRHECFMRBGAI',5,0,NULL),(463,'LQDIOWNUJBINCER',5,0,NULL),(464,'VFHACEPBTUIPXBY',1,0,NULL),(465,'BHEGLLFKZNDAEFO',1,0,NULL),(466,'URGDVKWUGVMVQHB',4,0,NULL),(467,'LTDUOAPSJVBJFPO',5,0,NULL),(468,'ADYBCSLNBUUYGUB',3,0,NULL),(469,'QWLEMNKRISJRFXE',3,0,NULL),(470,'GKFNLIXOBVSEZAM',7,0,NULL),(471,'ASEAIUOLIJHHNGB',2,0,NULL),(472,'RQPXALNJOOKFVBL',3,0,NULL),(473,'PZPUYWWUMRPEQAA',1,0,NULL),(474,'BCIBPEQHXKLHDDE',6,0,NULL),(475,'JQXYTLWEPGCMZMM',2,0,NULL),(476,'LSMRSVFWUGPBJJK',4,0,NULL),(477,'HOMGPQTQEKQXULS',7,0,NULL),(478,'YXLUEXZJOCDMYOQ',2,0,NULL),(479,'MIBTNPTBCVZCSHQ',2,0,NULL),(480,'JJGQGPEUAXVTUGS',4,0,NULL),(481,'KPEVZNNTLJEVBXC',5,0,NULL),(482,'VNKWYBSLGNKTOMP',4,0,NULL),(483,'VDFOAFENBOWZSBX',4,0,NULL),(484,'RDOIPVKVQIJPZJJ',4,0,NULL),(485,'XIUZJMZGJCTUOKA',7,0,NULL),(486,'NYNGKKWBZSMUBUZ',3,0,NULL),(487,'YDLQTPHMGQRVSYD',5,0,NULL),(488,'QUVATUFYZCOSPCZ',3,0,NULL),(489,'LKNRQQEBACCAQVG',4,0,NULL),(490,'RYWNPTRULPEPAPK',3,0,NULL),(491,'UCGFUFPTSDXLGPG',4,0,NULL),(492,'EZIEYJBMUTVKBBT',7,0,NULL),(493,'EWMACXTYRPGMYQY',5,0,NULL),(494,'KTOTHVUSAUKJMXF',4,0,NULL),(495,'VBVSSXRBUHGVRXT',2,0,NULL),(496,'KQCEQXLWLNMAFLU',4,0,NULL),(497,'AAVTHPIBNAXSHIB',1,0,NULL),(498,'LUKBYTDHOGSMLFV',3,0,NULL),(499,'GQJJKDQVADWIIEH',6,0,NULL),(500,'PIOQMTWJCSCTKMJ',3,0,NULL),(501,'QADGIIXBHWAJMBY',5,0,NULL),(502,'FGRQQWPCACXMHKO',3,0,NULL),(503,'PPTZFCXIWNQTCFN',7,0,NULL),(504,'XSEOVFCBVQYKTAY',6,0,NULL),(505,'APDFPADTZSHTZKZ',5,0,NULL),(506,'UVFNPQWDCNLQUEJ',2,0,NULL),(507,'YQUFQCCKCXCNDBI',7,0,NULL),(508,'XWQGMZGEPXHKCZW',7,0,NULL),(509,'WJUHZVOGVBTVQKL',7,0,NULL),(510,'CWWUZAQKPESBKBH',6,0,NULL),(511,'VRGVHJIFKABNZGF',4,0,NULL),(512,'CILAXLNNAYMOVCG',2,0,NULL),(513,'BIFVMGVVHVFZEZF',3,0,NULL),(514,'BQLEQCEZKCGOYBI',2,0,NULL),(515,'QAWERDHOLXSXIOY',1,0,NULL),(516,'AVNCIQFWUJPUSQB',6,0,NULL),(517,'VMCQQGISLJWUJJI',6,0,NULL),(518,'VCXUHUMXJFDNCIH',3,0,NULL),(519,'CTJYBFEYCRASBXL',3,0,NULL),(520,'PPBFPVHCVHOKWXT',5,0,NULL),(521,'HBPFGWPPZELXSUF',6,0,NULL),(522,'VURFSWDPMRNPAPK',5,0,NULL),(523,'YGBGXONMFBLGPCW',1,0,NULL),(524,'EDXIAYLQJYGFOCA',5,0,NULL),(525,'DUTPFNVCODHBRMF',1,0,NULL),(526,'MOIMQMXTKQQXJHA',1,0,NULL),(527,'KGEXONNTNUPQIAD',2,0,NULL),(528,'NBIAIQIETTIHQFV',6,0,NULL),(529,'FHDOJRHNVWCFFXZ',3,0,NULL),(530,'FGBQVFOATYDBWOH',3,0,NULL),(531,'RKHZFDFFMEYTSQX',7,0,NULL),(532,'OZOYHFRQQKHVHYG',1,0,NULL),(533,'DAHMMZKOSJPZCUP',6,0,NULL),(534,'SZMMXFDFWKOSLBY',3,0,NULL),(535,'ZLDUTHASKXFEOQB',6,0,NULL),(536,'ONUVEAUVUDCUMLH',7,0,NULL),(537,'DPRIBZMPACCLHMY',3,0,NULL),(538,'QKKUCYPVTLQXGCA',7,0,NULL),(539,'KDHBFUBDEPRRAQJ',3,0,NULL),(540,'BIOMZJWIBPKNWDC',3,0,NULL),(541,'SDGXGGXHKAHQOKR',5,0,NULL),(542,'EZTOQCVLPDVHRXK',2,0,NULL),(543,'TOZVHHVYOQRJJPH',7,0,NULL),(544,'FAQIKODELNBYYXE',2,0,NULL),(545,'FTANTPRYNPRPBFM',3,0,NULL),(546,'VHTVWMLDJSJVGGC',4,0,NULL),(547,'SAZWYSEPVWVLZJC',7,0,NULL),(548,'XRFKJDZZEYRIZZU',3,0,NULL),(549,'INLFAHCZBMAECVX',4,0,NULL),(550,'MGWFEAMFTULPAJY',1,0,NULL),(551,'FEQCLYQAJXFLEGA',5,0,NULL),(552,'JDOHYGQNFEHUSNK',5,0,NULL),(553,'KDSHNAWWUAOHSHJ',3,0,NULL),(554,'VXXNXPFUDMEFNWD',4,0,NULL),(555,'AECAEEEPIKTLIQR',6,0,NULL),(556,'HDRQINCFRHZIASV',5,0,NULL),(557,'FUMWWCPFNAXSOBI',3,0,NULL),(558,'PDLFFFGYJHTJVMO',5,0,NULL),(559,'PZKLYOQQFRRIDLU',4,0,NULL),(560,'BSYQVFIYWGMKNEW',7,0,NULL),(561,'EVAKSFSNEBECLRW',3,0,NULL),(562,'CMQPPWGKBGIQCSP',7,0,NULL),(563,'MGRGWJZYDAUAJYS',5,0,NULL),(564,'OIIRXBNJRHRNISW',2,0,NULL),(565,'UGDVWFSWBBBZTXG',2,0,NULL),(566,'ZZEWNWRLAHNJESR',4,0,NULL),(567,'KZZKQPDDTDQOFPG',3,0,NULL),(568,'NLLKYPDMVMNJNVR',5,0,NULL),(569,'EKMGYUPGIKBXZCQ',2,0,NULL),(570,'HWFGMGOYSWAHLLY',4,0,NULL),(571,'GQTZHWFERVTUPSN',6,0,NULL),(572,'MRVMLGWONEJOYDI',1,0,NULL),(573,'RMSANWMIKPCWZXJ',7,0,NULL),(574,'KOOTWTTWUHBFJNZ',4,0,NULL),(575,'NIBJMBPTDPEIYVJ',2,0,NULL),(576,'UMCSYNLHSEAQBRB',2,0,NULL),(577,'VBOSMOSTRJUBHTJ',2,0,NULL),(578,'IHIEBIIZDVDUERC',6,0,NULL),(579,'FPSNLIWECZXVPLB',6,0,NULL),(580,'HZDFTPFDNOYLQKM',2,0,NULL),(581,'OWRGEEXRVJBCCNC',2,0,NULL),(582,'WPJHSEPXWMTWHZS',6,0,NULL),(583,'HCXUZPYANRIYPVW',5,0,NULL),(584,'XPGWUGWZIUMLDIS',4,0,NULL),(585,'MIQGCMLNSDJWXTU',2,0,NULL),(586,'EXBUJHZZAGUMSUW',4,0,NULL),(587,'IAMNGWKBAQZZBDS',4,0,NULL),(588,'HFFBCAMWTCJMKEQ',4,0,NULL),(589,'NBYJVNCFSAPLDJG',6,0,NULL),(590,'TYXKXUKOXBTUKUI',5,0,NULL),(591,'OGPRYFCZVYQKEVA',7,0,NULL),(592,'AJYBBEHBKIKDBZB',6,0,NULL),(593,'KEAHQNUPMOQWTNP',1,0,NULL),(594,'ZEZEXZIMYPGHLHB',2,0,NULL),(595,'BVPPMNNUQOTDJNV',2,0,NULL),(596,'CQABMFAFIYYMWNY',2,0,NULL),(597,'NAPZENVWLVCGMGZ',6,0,NULL),(598,'ZGXOQYBREEXDDHF',3,0,NULL),(599,'VIGTHQIQDMINYRD',6,0,NULL),(600,'USCEGZWYXDDYTWI',6,0,NULL),(601,'DFRNWCDTJTFRHJP',5,0,NULL),(602,'ARLDWGUTFJRZWUA',3,0,NULL),(603,'XLCIGUAUCHBXQQO',1,0,NULL),(604,'ETIEYXPZRWDUZSP',5,0,NULL),(605,'OYPUNUZABGCZJKS',1,0,NULL),(606,'GSAZYGATZZFDHXQ',6,0,NULL),(607,'GNMZGTQHPHZKUNP',6,0,NULL),(608,'ZZJFDUJRCTRZSDJ',2,0,NULL),(609,'VOFHLHOQWSRTGGR',7,0,NULL),(610,'PMBACJNPABYQSZU',1,0,NULL),(611,'YILWNCPDELLIRHL',1,0,NULL),(612,'BTDNYLDRAQTYLVP',7,0,NULL),(613,'MXVSMRISMPCXSAB',1,0,NULL),(614,'EQDPOBXUMBMEEQL',3,0,NULL),(615,'OOUFCXVFFHDUTNH',5,0,NULL),(616,'CINCAIEVVWADVPE',5,0,NULL),(617,'JXBDZZCXTAQAIGV',3,0,NULL),(618,'KNWQCRHKFFGHJRH',2,0,NULL),(619,'GQUXOXYKHZFACWA',6,0,NULL),(620,'PNRANYXMBYTIBJL',5,0,NULL),(621,'TYFIZEAQEQENDWB',2,0,NULL),(622,'OUBFCUAIIYBZCEP',4,0,NULL),(623,'SIBKGXHYOJTBSLA',7,0,NULL),(624,'CXXWZVEOBLBNVYP',2,0,NULL),(625,'JFTJRJQDTJSOQFD',3,0,NULL),(626,'UICLTKBOIJYJLVU',4,0,NULL),(627,'QMWKBCJRSRXLPWE',7,0,NULL),(628,'LAHHRWTWEJJFSGK',6,0,NULL),(629,'VBXKYNAPDYWPYMM',1,0,NULL),(630,'DNSXODPXSLNERZA',6,0,NULL),(631,'DBQJHWVMQAVGNZK',7,0,NULL),(632,'MBYKQRUYLEWRLKK',2,0,NULL),(633,'YMSKDLBBPRNCAGU',3,0,NULL),(634,'KGGVYNTPHIQHJWR',7,0,NULL),(635,'IVNKDIGPMFTNZAR',5,0,NULL),(636,'PZLRFMFCCNBCHZL',2,0,NULL),(637,'APMOXHQLNPNVEWD',2,0,NULL),(638,'TBJUBJMKQOZTVIM',3,0,NULL),(639,'FHFNSJHIKMZNUAK',7,0,NULL),(640,'UKUHKHDELOKWAQN',1,0,NULL),(641,'OSAZQMARBKCUIKZ',7,0,NULL),(642,'YCPCVKWUGUEQNXA',7,0,NULL),(643,'XOMLWLRSQHLPXSP',5,0,NULL),(644,'TNOXTGHSVQCBWAX',1,0,NULL),(645,'EEYVIFTLLNTZPRS',5,0,NULL),(646,'HPQNALFFGVHQAOB',1,0,NULL),(647,'IMNBSLWNUSQTOHR',3,0,NULL),(648,'WDFHKKRKUOZBQVM',3,0,NULL),(649,'IEMOGOBSTNZHPUK',3,0,NULL),(650,'JDQKZWXATFIOEPP',4,0,NULL),(651,'KWAVEEMAUTCTLBS',1,0,NULL),(652,'UTTRWPJJIZCBRDC',3,0,NULL),(653,'CESKVPXNUQGMZKA',1,0,NULL),(654,'KDOBCLYYPHKPSRC',5,0,NULL),(655,'ZUXVZQMQOYKLFOH',1,0,NULL),(656,'MNOZDCTWFKJOHIT',1,0,NULL),(657,'GGRCNRDXBUYZAWN',1,0,NULL),(658,'WQQLZUSJTHDMYQK',1,0,NULL),(659,'AWOXCUELRYWYZGF',3,0,NULL),(660,'MHKGHJQGMKAGJQT',6,0,NULL),(661,'WJFDBYZSLQTIKJT',3,0,NULL),(662,'YLIMVZFYZYWJEXW',4,0,NULL),(663,'IKGNUWVZHKIKUNV',3,0,NULL),(664,'TPLFLTDDQBGTLOE',6,0,NULL),(665,'VYWJBTUEXUBIUVO',6,0,NULL),(666,'LNSWETQTTYYBMRB',7,0,NULL),(667,'ERTVYNXWEUFJHKE',4,0,NULL),(668,'KWSIGXQIPSFVZCF',2,0,NULL),(669,'FVKVYKBOZSGJHAW',3,0,NULL),(670,'ODEMPGUGUYVQYCN',7,0,NULL),(671,'QZDFMQKZTROJFBF',3,0,NULL),(672,'FOBJBPWKAESLGIO',7,0,NULL),(673,'SGEXJMUISWOJQSJ',3,0,NULL),(674,'ZMARGGWEDDQIUWP',3,0,NULL),(675,'PXOHERYFROPQSFK',2,0,NULL),(676,'HTLVIHMZNRLTVSN',5,0,NULL),(677,'THFOYPFJYWDXVGB',4,0,NULL),(678,'JVWYKWQHRAUPNTU',2,0,NULL),(679,'MVEBPUCAHGHMXJM',5,0,NULL),(680,'YCKJXURKOXWIZPW',5,0,NULL),(681,'DZEMZPLGHKROKWD',4,0,NULL),(682,'WIGHHYVGJSPHROF',1,0,NULL),(683,'DIJUYFJGMRRVIQV',6,0,NULL),(684,'ZRNWJQDCTVDKDTV',3,0,NULL),(685,'YOMPQDSBBMQWLYE',7,0,NULL),(686,'KYSCKAAOEZMHNXF',5,0,NULL),(687,'ZPNARNFXYVVIBDH',5,0,NULL),(688,'QOSBWDWWKRCIMVZ',7,0,NULL),(689,'EZDUBXSOBBKQATC',5,0,NULL),(690,'AIXKJRSNXGECWWH',2,0,NULL),(691,'GORPSORIIBTYBFS',1,0,NULL),(692,'SMYIIWULAQRGKLZ',6,0,NULL),(693,'CLFYJZEAVWAGIAE',7,0,NULL),(694,'HWZMJMVMBMECMBU',5,0,NULL),(695,'VRXGOZTZSXVJLLK',3,0,NULL),(696,'EABMTMWDRSOWIFW',2,0,NULL),(697,'RRQTORWCJQIAVCZ',1,0,NULL),(698,'JPLBCXQDPDDQZRD',7,0,NULL),(699,'MGLRMLXNHQOIVKX',1,0,NULL),(700,'LGQVCOBPZNPUFCX',3,0,NULL),(701,'GCNGYQTTCFAFFQR',6,0,NULL),(702,'FQDLZGUJATDLCNI',5,0,NULL),(703,'TJDTPHUNCVXTSWA',6,0,NULL),(704,'OWHRMKLAUGSBIVB',4,0,NULL),(705,'MHGBDSHWGWGCKLN',4,0,NULL),(706,'GZUJAQIYNSYLSJB',1,0,NULL),(707,'QGFHLGCVUIUNPVQ',5,0,NULL),(708,'IYXUHJCDWFKHFAW',5,0,NULL),(709,'IIFWXRZQRAESULD',2,0,NULL),(710,'ZZZYJOLXKZQPOHU',7,0,NULL),(711,'ERYAOUQTTXGHVSM',1,0,NULL),(712,'UUACMNFTQZUKUQB',3,0,NULL),(713,'LOZNLWRXVWDIEGC',7,0,NULL),(714,'ECVSCDIHWMYHZWK',1,0,NULL),(715,'AERXDECXFXNEEOQ',5,0,NULL),(716,'AEFRHGPMISMQCGG',2,0,NULL),(717,'UXKDOZEZEEGZFRY',5,0,NULL),(718,'JFNJIDWSECPJLBH',3,0,NULL),(719,'RXFCWLUOXSXKPHR',5,0,NULL),(720,'WWNYGMYSIOCYGQY',7,0,NULL),(721,'TFVVDVFUUIJASYP',4,0,NULL),(722,'LEDJEMATTPOVFBG',7,0,NULL),(723,'KZFTXLCDZSYYOAR',5,0,NULL),(724,'UPVCPVTISIWEOAG',4,0,NULL),(725,'CMXZIRULNMXHDWJ',6,0,NULL),(726,'XHRDLVIODOFWCMX',3,0,NULL),(727,'VHJAZFUEIOYUFDH',3,0,NULL),(728,'RHAUVZFPPJWODLA',1,0,NULL),(729,'LWUJTGSMLEYBXZR',2,0,NULL),(730,'AMXHCXXUJJGMQPI',5,0,NULL),(731,'IQCOBTLIEXYIDNR',1,0,NULL),(732,'DTIHISQYMKOHDRK',3,0,NULL),(733,'EMZCHRBTUTRRPCC',7,0,NULL),(734,'IBWJQSTEAUIVRBE',5,0,NULL),(735,'OSDRQXORDNGKLML',2,0,NULL),(736,'ILKGDTJQIDJPJLC',5,0,NULL),(737,'ISBRJOVEYGQPWEW',7,0,NULL),(738,'HFRKDWTANGGOYXI',6,0,NULL),(739,'XSETPQREVELCCJN',7,0,NULL),(740,'GNGKQYBHBOQOAOU',3,0,NULL),(741,'YOMYODDJFGSRLDO',1,0,NULL),(742,'DNASTFYXUXQXTHC',4,0,NULL),(743,'HNDYARFTCDXMWTV',6,0,NULL),(744,'PQLGPNBVUTHPGFW',3,0,NULL),(745,'HFHCIXVPALDVVSX',3,0,NULL),(746,'QNVDQVVAHPOJXKQ',7,0,NULL),(747,'VDEYJGFAVNRERNJ',4,0,NULL),(748,'GAFFIFKZVUYIJQA',2,0,NULL),(749,'PMWSLXOHNTUWIQD',4,0,NULL),(750,'HKKDJLUWWETNZMK',2,0,NULL),(751,'JGTGMMXAVXMVVNW',4,0,NULL),(752,'CUTHZEXVNOCGEGV',1,0,NULL),(753,'YQUYRXNGIXYSMGB',5,0,NULL),(754,'HHVIIHXYGJQZRYU',1,0,NULL),(755,'OVHYGVTHSEUJOFL',7,0,NULL),(756,'RYEDVJFGMAAUMDQ',1,0,NULL),(757,'OXKZDGDPKDSKIMU',6,0,NULL),(758,'AWLZBSOKKJDZALR',1,0,NULL),(759,'WKYYYCIPLGFEMQW',2,0,NULL),(760,'PLWUHKSRXYREQAI',1,0,NULL),(761,'RKUWHKWNDAEBWBP',2,0,NULL),(762,'UALTXLOFPXZPCSG',1,0,NULL),(763,'MJUGZZQFZFHKHVW',7,0,NULL),(764,'NFTVWMIYVDULNWP',5,0,NULL),(765,'HXEWVQEDXWBAJQQ',5,0,NULL),(766,'PXYWEQCVYZNRSFW',5,0,NULL),(767,'MKUNRWVFVDGIDCY',4,0,NULL),(768,'CZEUIEYQOYTDCAS',3,0,NULL),(769,'SASEVKNJXDREQRJ',6,0,NULL),(770,'OLKLVWCOVZMIFVW',6,0,NULL),(771,'XWJWPORVZFBJVSS',1,0,NULL),(772,'YBBSKYFKJEBQAVV',2,0,NULL),(773,'FOWVRGQEDPDSCYZ',1,0,NULL),(774,'IBNFVWWIYDUYZOQ',7,0,NULL),(775,'WZHJBBMYLEMVEZL',4,0,NULL),(776,'EXYFMUOAQRVHWRO',5,0,NULL),(777,'JFRNEQCGGSLDHVL',2,0,NULL),(778,'UCHJOMYWNWDNATS',3,0,NULL),(779,'JIZVCRYQKZUFMBD',3,0,NULL),(780,'IIWEUQXVLIVQKHS',3,0,NULL),(781,'HXUHYQFNIYIKVGU',7,0,NULL),(782,'BVJBHWXDOHJSAHU',4,0,NULL),(783,'KDJONGDMWKESOSM',6,0,NULL),(784,'SOJTCKEHUNURQPY',5,0,NULL),(785,'HBQNXZVXNJCNMQQ',4,0,NULL),(786,'RAIYLHGYPFIBBHN',3,0,NULL),(787,'TGFQRRJAIWZAQAE',2,0,NULL),(788,'VIQMXNLHYYFCYAB',1,0,NULL),(789,'TIVORHAFFWFEUFX',4,0,NULL),(790,'WNTBQEQCAKRYMBY',7,0,NULL),(791,'SIRNDNRWDRFCKTK',5,0,NULL),(792,'NOJROHGVWOEQCVE',5,0,NULL),(793,'ZHHFGSNGMAUYXHW',5,0,NULL),(794,'UBUALMHZCUARUDJ',3,0,NULL),(795,'VWTBDQJMABXXRKL',3,0,NULL),(796,'FJGBCISNORSEHVW',3,0,NULL),(797,'NQJLSHPVYCIPUHK',4,0,NULL),(798,'DCZQPKYNUJMTRDL',6,0,NULL),(799,'CODAYCGGITXUGNN',6,0,NULL),(800,'YVXGSEWFTADHSOU',3,0,NULL),(801,'DKVMNZAKWEBYAMZ',6,0,NULL),(802,'VWWOFXDHPBJSJZQ',6,0,NULL),(803,'GZZOWRDPEAQTDBD',2,0,NULL),(804,'NAXHVOVTFUNHOXZ',5,0,NULL),(805,'TJDKMZRRAUMYBNT',7,0,NULL),(806,'JCFETIEWFECDONP',4,0,NULL),(807,'MTXJXWMECKIBLMB',6,0,NULL),(808,'TEUVOEXVRLZZMNO',1,0,NULL),(809,'ZHGEQOFMIANSRGJ',2,0,NULL),(810,'BHZKCWAMKFWPECG',6,0,NULL),(811,'QFMZDRKRVNWVHDC',6,0,NULL),(812,'NGCURVRJUKUDOQZ',1,0,NULL),(813,'LCYQNOAOYZZQMOH',3,0,NULL),(814,'KUQFKGSJDAMKNCJ',1,0,NULL),(815,'IAKTEFSRCOAZHAB',4,0,NULL),(816,'VEKZEWUTKKALJEG',1,0,NULL),(817,'LRBHVYGGCCMZYWV',6,0,NULL),(818,'MHFVUEWFLQKQJJC',6,0,NULL),(819,'AZBVQILONREBQPJ',1,0,NULL),(820,'MIROXVFOEFGCFVQ',7,0,NULL),(821,'MSRZFJSHDZMIFRP',1,0,NULL),(822,'SFSFCZGHBBTFPKR',1,0,NULL),(823,'PTZWZLXFCFVUHNE',3,0,NULL),(824,'ZLEIAAFWRWHCUWV',7,0,NULL),(825,'UESUVIOILBYJTRY',5,0,NULL),(826,'SAAPFUMQUIYJWOL',4,0,NULL),(827,'CNUWMQQSXGZPGAA',1,0,NULL),(828,'NRRDYZEHKYNUMRT',5,0,NULL),(829,'QWFHHCWLGNERGTX',5,0,NULL),(830,'OXIXFSLHZJCDVDW',1,0,NULL),(831,'LIJJRUSIMDMEWOF',3,0,NULL),(832,'TDMZWDLLIRKGFLB',3,0,NULL),(833,'ASLSIJUGPIMEUOC',2,0,NULL),(834,'PRXFNKYWWPHNNJM',7,0,NULL),(835,'ZQCIJYJZUAAMVTX',5,0,NULL),(836,'WOGKVONAOILKQVJ',4,0,NULL),(837,'WNRZKXMOAMDFNPQ',4,0,NULL),(838,'AJQYMVJJWKFFSUT',4,0,NULL),(839,'OHKXOELMHSYCKLK',5,0,NULL),(840,'HJIFRRVOUGEZLMG',1,0,NULL),(841,'NYZFYGUQNAQWOBO',5,0,NULL),(842,'OHDXZFRUEJNEVCP',5,0,NULL),(843,'WPIKAQVNOIQQSFI',5,0,NULL),(844,'ADEQAZADYAXGIVU',5,0,NULL),(845,'KISFTXTZRPQLTAM',2,0,NULL),(846,'OUYCTCOLPTFIYJY',1,0,NULL),(847,'WNISTLOLHVOQIPN',3,0,NULL),(848,'DTCSQMUBSHLPTCJ',6,0,NULL),(849,'XYSNPQAUFZRBSYJ',4,0,NULL),(850,'LXDDKVKALOARLFU',2,0,NULL),(851,'ECOXSLHDDMANQUF',1,0,NULL),(852,'CJKWBTIBTJZKBXK',6,0,NULL),(853,'DHWILPTYHMSFGER',6,0,NULL),(854,'WWPUMCAURVZFCQX',2,0,NULL),(855,'BRCYXZSKIJBQITH',5,0,NULL),(856,'KOOLVDTDVLXMONW',6,0,NULL),(857,'SNAQASMCJYSYDRP',2,0,NULL),(858,'ZXEVJYRBWKLDOWD',5,0,NULL),(859,'NRXCXDGEAHYEFFP',3,0,NULL),(860,'CWIJSRTNGGTNMKI',3,0,NULL),(861,'XDRDVAAUIABOXYM',4,0,NULL),(862,'PPKTIFGNKRSNPTC',5,0,NULL),(863,'VFNPXINUXPVRHAE',7,0,NULL),(864,'MIVHPHSOVASKIZS',4,0,NULL),(865,'OIUIJCTTNXRXQDI',5,0,NULL),(866,'HMXMHHTLHKICXIQ',2,0,NULL),(867,'AQZULHZJMJIPUFH',3,0,NULL),(868,'ZUUXZVYGQOAPNHA',7,0,NULL),(869,'IPDDAEVAJRMRPEU',7,0,NULL),(870,'BAPDMHYSMXBHKFW',7,0,NULL),(871,'UMAWZOTBTHLMXHX',5,0,NULL),(872,'YZHDXVSCSHEFZHG',1,0,NULL),(873,'MXPEXLVVNMUMUSI',5,0,NULL),(874,'LTESXONSYTFMNMH',7,0,NULL),(875,'ANSJLLBSWYLULZR',2,0,NULL),(876,'WDBLLNHQWZUAEPK',2,0,NULL),(877,'QBYNQJZOUOGRLES',5,0,NULL),(878,'JEGOIPUYFKAWZDR',6,0,NULL),(879,'NRASDYOQLRKVFOB',6,0,NULL),(880,'QAIJFLTPABEJOJN',4,0,NULL),(881,'JIVOPBAPNIKQMUM',6,0,NULL),(882,'BYGKQABSALZVZAS',1,0,NULL),(883,'JQZRDWNWXWIAUKG',5,0,NULL),(884,'NJHZLKCOLMQOSBU',1,0,NULL),(885,'SSHUJBXYFXGJMYK',7,0,NULL),(886,'NJEIDGBNMCLVWPQ',1,0,NULL),(887,'XROSCCHSTHYORUO',4,0,NULL),(888,'EQPNWRCEQICMJEZ',1,0,NULL),(889,'KYIOUDJFWYJDPYO',3,0,NULL),(890,'WNBOTVJGWZWKNXO',6,0,NULL),(891,'HPZXUSWUBJVUQGO',6,0,NULL),(892,'LRBYGLKIDDUGGXY',1,0,NULL),(893,'RSSKPKACPRAXMUY',4,0,NULL),(894,'YVPCPXDMIFVIHNS',5,0,NULL),(895,'ZRDVZYOYLFERRJJ',5,0,NULL),(896,'KZKPAAXILJALKYY',2,0,NULL),(897,'PFRKJBIAASSATGK',2,0,NULL),(898,'LFLXVGHTSNUKXBA',1,0,NULL),(899,'SNNCCXGJQRXDUQP',5,0,NULL),(900,'GQCNYTFQSZTIFTR',1,0,NULL),(901,'ULNMQEBZRCNLSLQ',7,0,NULL),(902,'NDMCSHTNOSQPIDS',6,0,NULL),(903,'GZJRFCGGCNQJFOU',3,0,NULL),(904,'LRNJBJZWNFUVNUY',1,0,NULL),(905,'FRSEBYGLWYONVWU',3,0,NULL),(906,'FEBMPPGCIQMZWZW',6,0,NULL),(907,'TJUKTTIKKUAFGXP',7,0,NULL),(908,'HMKXVQOXBSPWWIZ',1,0,NULL),(909,'HBXCTIAEZFXIFVP',1,0,NULL),(910,'VTHQHGIKFCIMXVA',5,0,NULL),(911,'KBFYEDULBMTUFCS',5,0,NULL),(912,'PDYXBTONJMRVHXO',1,0,NULL),(913,'HFRMAUDJIREOENX',3,0,NULL),(914,'VWMWFRSAZXDFZBI',7,0,NULL),(915,'BCQWGOZNTPWWNPW',7,0,NULL),(916,'MLCNMDYBVCBFPYY',4,0,NULL),(917,'WIIXMNSDLQRCMGV',3,0,NULL),(918,'IJKTKLUGCUWIDMB',4,0,NULL),(919,'HPQVTYKVKAOEAMG',5,0,NULL),(920,'GJHVOVQXQCXMBUF',4,0,NULL),(921,'CZJVEEYFHIHPGNG',4,0,NULL),(922,'SLEIFJXAKZKLNBB',1,0,NULL),(923,'WMSHPFBMJBMKZSG',1,0,NULL),(924,'FUOGHNRCWYPVKZB',5,0,NULL),(925,'GGPTLAMAOETVSVY',1,0,NULL),(926,'LPDSWWKZNUWWUNF',4,0,NULL),(927,'YNQQWQBWGXONVCG',2,0,NULL),(928,'GURAUGCEPEKDAFC',4,0,NULL),(929,'GOOPSSRFOYTFHWN',7,0,NULL),(930,'EGMSLTZLVJARMQC',4,0,NULL),(931,'DKXPJXPFJSWAEJW',5,0,NULL),(932,'AVBMZBHBUDGQUJJ',4,0,NULL),(933,'VZQVKPCAUEBRREZ',4,0,NULL),(934,'SUEOTJCNZULXCRA',4,0,NULL),(935,'PHTWILMOOHYKSOV',7,0,NULL),(936,'EMXRQFHSOBUASAB',4,0,NULL),(937,'QBGTFJANSJBSXMI',2,0,NULL),(938,'BVLCJKWRMUIFLDU',7,0,NULL),(939,'IUWCSQFQSEHTDGT',2,0,NULL),(940,'ZCCBTFVTMIMVIIQ',1,0,NULL),(941,'PXKCFJJPHTZTRTI',1,0,NULL),(942,'VCEQMJSKRVBBMCH',5,0,NULL),(943,'BOEDFBMKCJOJGBB',6,0,NULL),(944,'CINRCDWLCPAQHLL',2,0,NULL),(945,'HPZBUNVJHYZFVTH',6,0,NULL),(946,'AHPVUUCZRUGQLPN',1,0,NULL),(947,'ERWIOCXFAKKMXNQ',1,0,NULL),(948,'KPAMBFIXPTKNQKR',3,0,NULL),(949,'FREYRPLIGHLRXDX',6,0,NULL),(950,'GQCJZAIWQRXMRMA',2,0,NULL),(951,'HHNSDANHUDLZDBL',3,0,NULL),(952,'YFGCIZSRSZCJRDN',6,0,NULL),(953,'DEGCNRJDZHVBMDE',4,0,NULL),(954,'URUSNSMNDALTMHL',2,0,NULL),(955,'YADELCLLNSWNEYX',5,0,NULL),(956,'LFFWLJSKVNFHYPT',1,0,NULL),(957,'JALXSBJGFQJGGTI',5,0,NULL),(958,'GBRCVXTIOXGFPFP',2,0,NULL),(959,'UAVFUDAIAAOGCXT',7,0,NULL),(960,'GJFBITUNGHRKSXK',4,0,NULL),(961,'KCEDAJEFFNAXNGV',7,0,NULL),(962,'CHIQOEMOWBSOANI',7,0,NULL),(963,'RUSUKCZKMKNZVZA',6,0,NULL),(964,'UQRQJGYCGSNZOWT',1,0,NULL),(965,'CRWLTOVMPXHAZZW',6,0,NULL),(966,'PLTTPYKOHLBBAGG',5,0,NULL),(967,'FRKIBBYSABNDAHX',3,0,NULL),(968,'TEDRPWWAVHXNLJU',5,0,NULL),(969,'TLINLOALDGWFQDQ',7,0,NULL),(970,'UMONATNDFMQLVRH',6,0,NULL),(971,'KIEVHKSPDMXWCCV',2,0,NULL),(972,'PUHPKBJKUHEFAZI',7,0,NULL),(973,'JNMGCQSDXMFSKEQ',3,0,NULL),(974,'EIQDLKDLOTZZTUU',4,0,NULL),(975,'FFFUQEODPHPLAGL',7,0,NULL),(976,'YYVTCBEIXQZPRYF',5,0,NULL),(977,'WMJVMVCRVZDHIGL',5,0,NULL),(978,'QIKKJAKKMASRXKW',7,0,NULL),(979,'YWPBSFIKCKEWKIW',5,0,NULL),(980,'VENIILNWBNNCAWR',7,0,NULL),(981,'IHJGASGQEDMBTIA',5,0,NULL),(982,'JNPVILMZPFWMWUL',6,0,NULL),(983,'RURMWJKBCUOISNO',7,0,NULL),(984,'WVNHHMJDBJQOTWI',7,0,NULL),(985,'SBXYKJODKLJUBSF',5,0,NULL),(986,'KXLPLPOQCGZWTJO',3,0,NULL),(987,'BBYXFWIQJJHYSVI',3,0,NULL),(988,'MODYXRTIKGNVPDG',2,0,NULL),(989,'EDKHTXNASBYAQMR',3,0,NULL),(990,'SRTTMSLFVXZGROX',3,0,NULL),(991,'FFJHODBZHAPJNAE',1,0,NULL),(992,'MHOLGAANZSVBDFZ',4,0,NULL),(993,'MCPBOLIUKSEMBJR',2,0,NULL),(994,'EPNXLCBDSEJXKXI',7,0,NULL),(995,'OLZTEJNWDWRHNLK',2,0,NULL),(996,'MZAIZQXGNISBFES',2,0,NULL),(997,'GSEYIATFZAFITED',3,0,NULL),(998,'HBMEQPZGHUZFBOE',6,0,NULL),(999,'UDBVZQWTUSRXXCF',2,0,NULL),(1000,'QVFWRHRLELPUZCA',6,0,NULL),(1001,'OMTXYXTCSZVMISF',6,0,NULL),(1002,'KNQWFPZZNQABRMO',4,0,NULL),(1003,'EBHBPZJEUUUYDJM',7,0,NULL),(1004,'VKHAGRZCISJCMUH',3,0,NULL),(1005,'TFNFOWXHKUQBQBX',4,0,NULL),(1006,'ZAMPGSIVQJCBXPC',1,0,NULL),(1007,'IKAKXDNCNSOVZJY',2,0,NULL),(1008,'VWWMKDUISWZIRXA',4,0,NULL),(1009,'YHELBIQQTMODPRA',1,0,NULL),(1010,'KKWMYMKRKEPKAUJ',7,0,NULL),(1011,'KCLHQEFCCATQAGY',2,0,NULL),(1012,'KRJEVYDYEVGLMIG',1,0,NULL),(1013,'WEURYJHCYKZXBLL',5,0,NULL),(1014,'ZIRPVDKNAGSCEJE',3,0,NULL),(1015,'TVZYYBRUVKUHFKM',7,0,NULL),(1016,'LSIMSSJBBRSYTBQ',1,0,NULL),(1017,'EIIUGZLUREZZKNB',1,0,NULL),(1018,'LJKHZPMNQCTFDJS',7,0,NULL),(1019,'PBISVOAKOMMJPMS',1,0,NULL),(1020,'USRNNQQXQRQKDAS',6,0,NULL),(1021,'TJCRIGZIKPDOVYB',5,0,NULL),(1022,'YESSPMZALIEWXUO',6,0,NULL),(1023,'ZAVQSDZSUIQKBMZ',2,0,NULL),(1024,'FZYFFCAOIIERNTE',7,0,NULL),(1025,'EXUNSTUDQBUZTPY',3,0,NULL),(1026,'QTVJKKJRWICTQCR',6,0,NULL),(1027,'MXXFYUNCDMZCSEC',1,0,NULL),(1028,'JIJLIHPHYPMOXMU',6,0,NULL),(1029,'BQUFNBZRSZATIWB',7,0,NULL),(1030,'ISYZQOLFGVJCXDO',6,0,NULL),(1031,'ONKYGLKMUCFEMOD',6,0,NULL),(1032,'FUVSMPGCDUDZTQH',1,0,NULL),(1033,'FMIUYJVELVMOIBM',2,0,NULL),(1034,'FEYCKQOTPRDCSKM',2,0,NULL),(1035,'DSBVUJYQCEDRFKU',6,0,NULL),(1036,'YPJJSMLVAYMAYKZ',7,0,NULL),(1037,'ZCOTYYAUUCYUADS',4,0,NULL),(1038,'AWNPOBLYKMMPLYF',4,0,NULL),(1039,'IVRJOQBGTYQUEKF',5,0,NULL),(1040,'WCGAKCNYGSFXYCX',6,0,NULL),(1041,'DTTOFFVKSHSAVUL',2,0,NULL),(1042,'JVEOCBHEAMWPXBF',6,0,NULL),(1043,'ZMJABXKTQWLQTOF',4,0,NULL),(1044,'THBDJRQBMZGBWZK',2,0,NULL),(1045,'SPYQOSTSZZLFVUZ',4,0,NULL),(1046,'ZHRARTSYYIRHZFR',6,0,NULL),(1047,'TKYHRGQTXIQIMDI',5,0,NULL),(1048,'CVXETQQMFEMNWBM',1,0,NULL),(1049,'WSGEUERKDZZLZEJ',7,0,NULL),(1050,'KHGZRPGZRYRAKVQ',3,0,NULL),(1051,'OVWEXCIQPVDSFOV',1,0,NULL),(1052,'JMVLDQQQLUCCLEW',7,0,NULL),(1053,'CWQAPDPHBLQNMKA',5,0,NULL),(1054,'QYIHJGPXRQPXSNC',7,0,NULL),(1055,'CBBCCMQRKCLAAOW',1,0,NULL),(1056,'IUZJJKGQIGZHQLN',5,0,NULL),(1057,'MJUIZCCMVARKLWT',5,0,NULL),(1058,'BPSVHZCQMQJSUYQ',7,0,NULL),(1059,'BNXCUXBYKUQDPRX',4,0,NULL),(1060,'QLHKDBTITGWGLWT',1,0,NULL),(1061,'PSXVTKYEDZZQCOT',4,0,NULL),(1062,'MGIYVJCZOZLCSOO',3,0,NULL),(1063,'EFDPDNGPGWVOEDG',4,0,NULL),(1064,'LILLSOMLYLEQVUG',4,0,NULL),(1065,'TUVTELZURBKQLUH',1,0,NULL),(1066,'APFSXTGTYBPXCUV',5,0,NULL),(1067,'XUTYKVBZIGCPOEP',3,0,NULL),(1068,'ISFBQDGGYVOWGNG',4,0,NULL),(1069,'UOFUJZYDONLCSDN',1,0,NULL),(1070,'YNNAVSIVLUVLGRQ',7,0,NULL),(1071,'YBJYMKWVKUQBQYV',6,0,NULL),(1072,'PPFHEZGFMIGGMAR',5,0,NULL),(1073,'HQQDMIRYAACLJNA',1,0,NULL),(1074,'ZAADNDHVHXRLQGU',7,0,NULL),(1075,'YMGGRYCZSYRXXFY',2,0,NULL),(1076,'WENGZOZZTFHUJNM',1,0,NULL),(1077,'BITJMTLPNORSHFF',5,0,NULL),(1078,'UUJZGTLDNQNLYOY',2,0,NULL),(1079,'IGMBLTQDYQJGKJS',5,0,NULL),(1080,'PQXSNRFGNPNRHTK',1,0,NULL),(1081,'JFGZPIEYQKNEUXW',3,0,NULL),(1082,'AKCLTEYYKXWVUKE',6,0,NULL),(1083,'MUCNVRNFDSSLZRQ',5,0,NULL),(1084,'GNZZRMULVAYZTCP',2,0,NULL),(1085,'ANHFREINAXCRXSN',7,0,NULL),(1086,'TLLUOASYSCCCOZU',3,0,NULL),(1087,'XHZASHYYDUJRQNN',4,0,NULL),(1088,'AWRQWPDFPJJJZKO',1,0,NULL),(1089,'ULAARBZQJDFSNDM',5,0,NULL),(1090,'IBYZSQGRXGXQAUL',6,0,NULL),(1091,'HPBWVMTDNYXSKXF',7,0,NULL),(1092,'TAPQWLJXEVZAZDK',4,0,NULL),(1093,'ZMONBPNLCEMTOBB',7,0,NULL),(1094,'UKJQHAYKONOUKLC',2,0,NULL),(1095,'IZEFTEEEPTEEXJG',5,0,NULL),(1096,'ZMDHPXVKEHOLIFY',4,0,NULL),(1097,'OGZHWOFFTMHVLKE',6,0,NULL),(1098,'JDTQFWDEKFGBYHU',6,0,NULL),(1099,'MCIZGGWGJVWTOGT',3,0,NULL),(1100,'GPVGFEGACDMBFAX',6,0,NULL),(1101,'HTUCIBRTEYKGDCW',5,0,NULL),(1102,'PKHIOGXACITESXM',3,0,NULL),(1103,'CLFTJZCGJXQZANX',6,0,NULL),(1104,'LVNZZOXVRPETTES',7,0,NULL),(1105,'JEVQMFQRSZNMZNL',7,0,NULL),(1106,'GAJWUTLZQZSWDWV',5,0,NULL),(1107,'PRUCEEDMSPNIYGW',2,0,NULL),(1108,'GGTEWBZPMXWEWMC',7,0,NULL),(1109,'DPECRPFLKBUATFJ',7,0,NULL),(1110,'YSBTIYUJDQOXXMH',7,0,NULL),(1111,'TFLMHUSJRJQATXI',4,0,NULL),(1112,'AJQEIUNQNXKKZPY',1,0,NULL),(1113,'OLJGFVFWFJSTWBR',6,0,NULL),(1114,'ZRVBROHBJLTSFTH',4,0,NULL),(1115,'SUXXEHUILHNJSDR',7,0,NULL),(1116,'RJPICJHNZYFVRLB',2,0,NULL),(1117,'OBOELKMMRAHKSXX',3,0,NULL),(1118,'VADEZSYJWJWZLKQ',2,0,NULL),(1119,'GMOCMMEMKUXDOPN',3,0,NULL),(1120,'ACDYESWADDQDYRB',2,0,NULL),(1121,'NRBVDSELTDGYTIX',3,0,NULL),(1122,'CTMKGHSKAGDVTQW',2,0,NULL),(1123,'IAZLYGRLRKKARSL',3,0,NULL),(1124,'OQQQYLCLMZPUQFM',7,0,NULL),(1125,'SGGVOAKNKKKPNFH',4,0,NULL),(1126,'IXAXHRCYXPKKPCQ',6,0,NULL),(1127,'SXDNUSZEZIXAAOV',3,0,NULL),(1128,'AHYRVYRLHTCFULJ',3,0,NULL),(1129,'XQHOWBDRTGTXQAJ',7,0,NULL),(1130,'GUMBIJMKCSEHMKJ',3,0,NULL),(1131,'PZJNEHROSMNAAFW',1,0,NULL),(1132,'EOVAQWJEACSOCEJ',3,0,NULL),(1133,'HLQFOKCYJICSGXV',6,0,NULL),(1134,'RLQWIVHGHSJIBFN',7,0,NULL),(1135,'MMGHJMPKGDVTQRB',5,0,NULL),(1136,'KFPBMDNFJFLJQRK',6,0,NULL),(1137,'WDGUKEHZTEGCSIA',5,0,NULL),(1138,'SMGADTLTIIWCKDM',7,0,NULL),(1139,'WZBCTZABCDXOXPJ',4,0,NULL),(1140,'XCYISGPWBSHSHBY',3,0,NULL),(1141,'FDIECIVOIOVZABO',2,0,NULL),(1142,'HWYIIJQWQTPGUEI',7,0,NULL),(1143,'HUOPJXVQGBUNMWP',7,0,NULL),(1144,'NZEMJFPNXVGIDIR',1,0,NULL),(1145,'OVRMNYKCBHAJNFC',5,0,NULL),(1146,'DIMWMPVMICSDLUR',2,0,NULL),(1147,'LBOCXKGIUFYJYYR',5,0,NULL),(1148,'UGMLSKVYSOYYBZF',7,0,NULL),(1149,'PEXRZBZHXUUSHQL',6,0,NULL),(1150,'PWOYVPDXQTCYLWI',5,0,NULL),(1151,'KKRLQUVIJVDHEEB',6,0,NULL),(1152,'XRVTDPNOXTHHXAH',3,0,NULL),(1153,'TLTMMGUHUVPEAYX',6,0,NULL),(1154,'BRHQNNDISBGQFSD',5,0,NULL),(1155,'SBCMCZMGDCLVMUT',6,0,NULL),(1156,'UKXJMUSEIUGKYTB',3,0,NULL),(1157,'HRLTEDHQILUZZAD',7,0,NULL),(1158,'JHXKNQSNLHKFPTI',7,0,NULL),(1159,'WVFNBJYVTYOCZRI',6,0,NULL),(1160,'ITIJPCYNVZSVWYE',7,0,NULL),(1161,'WOBDPNAWMEQWPMU',1,0,NULL),(1162,'ASBMNXMKBCPJVDI',3,0,NULL),(1163,'GTJOPENNORHJDHP',6,0,NULL),(1164,'ZSXOAGHSRKNJQTM',5,0,NULL),(1165,'NBEJQNHGZYQDHFV',7,0,NULL),(1166,'BVCSDLYFYWMUTOL',1,0,NULL),(1167,'UYUCJGYDEGYYKBO',4,0,NULL),(1168,'TUEJVKRKDYDCMFI',4,0,NULL),(1169,'MUIZFUULFCBYRNG',6,0,NULL),(1170,'FJQRKTNCNSKCWFD',6,0,NULL),(1171,'ZSTLNPZZTLFXWXB',2,0,NULL),(1172,'FSIMVBAAITULVAV',5,0,NULL),(1173,'JLBENAGOFNSEACY',3,0,NULL),(1174,'FXSZCMZBRBBJOUR',5,0,NULL),(1175,'AMIANXQZUCSBSUK',5,0,NULL),(1176,'TONWTVEOOYYAOHP',6,0,NULL),(1177,'XQGKPJRZQSGOHFX',5,0,NULL),(1178,'KDHWNVQYEBEMOYL',4,0,NULL),(1179,'BELTGTWZRYFMRQC',6,0,NULL),(1180,'TYFKNNKUGRZLQKV',7,0,NULL),(1181,'FOKQNFYRAVJKVJP',1,0,NULL),(1182,'QELQEMPHXHUXWDA',4,0,NULL),(1183,'QYXWITNNTXWBNMY',4,0,NULL),(1184,'OPTYKIMYSBPPOEV',2,0,NULL),(1185,'VSYXQGEWYXDLNNG',1,0,NULL),(1186,'JDOCPSCFMPVZUQH',6,0,NULL),(1187,'PUATHFUMPENZGGF',2,0,NULL),(1188,'XXOEFUAMUOKFGYF',6,0,NULL),(1189,'RACYMUBWRMXCUIF',6,0,NULL),(1190,'CYWPQGCOWBVSIBV',3,0,NULL),(1191,'NCTODHYAEBTZWTV',3,0,NULL),(1192,'TBHNCXXJWWWHPDI',5,0,NULL),(1193,'VBLDLXBLFRSKGPL',5,0,NULL),(1194,'VHQFISPZRZCCHPK',5,0,NULL),(1195,'QNFMBAPYQZMMDQV',2,0,NULL),(1196,'JEIIKHZMFPDANQJ',3,0,NULL),(1197,'BTKXWRRHSTHTELZ',7,0,NULL),(1198,'MJXBCPCNKLPVWRC',4,0,NULL),(1199,'LZIGAHSZYCQLUBW',4,0,NULL),(1200,'BEHBKVRBMBMXBAC',3,0,NULL),(1201,'DSBVGCBEFOQTOYI',3,0,NULL),(1202,'HMPBKRMIJKAPLKS',7,0,NULL),(1203,'EZAKSMFAAWYXOIL',5,0,NULL),(1204,'IIQRBOAWYBBFESI',6,0,NULL),(1205,'ZKOMKHZBJLAAAYA',5,0,NULL),(1206,'DOCULAHCPVNSGSB',6,0,NULL),(1207,'NQIIIJLQYWZSMXX',3,0,NULL),(1208,'ZOLLVNKYFVGIOLW',1,0,NULL),(1209,'SKLKCHVLYQMLXTQ',1,0,NULL),(1210,'YJBDGPLRHBUWYFV',1,0,NULL),(1211,'MPSCYJERZHTRBQQ',3,0,NULL),(1212,'ROXQYDGGPPBGXGI',4,0,NULL),(1213,'JMDQBYVQRHUESLF',1,0,NULL),(1214,'NFOVDXTFMHKKWYM',3,0,NULL),(1215,'JGZAULVEZWTFWRJ',4,0,NULL),(1216,'ZUETNWTRJEUYNVG',3,0,NULL),(1217,'DYMAQJMKHZACGLV',6,0,NULL),(1218,'XZYAPXRRNBAWTAM',3,0,NULL),(1219,'JJTTWPDQTBXOKDO',7,0,NULL),(1220,'ALUKIGEMZONVFRO',1,0,NULL),(1221,'UBQXWRRLRMZZFQR',1,0,NULL),(1222,'GOGPSBUSQWLFPPH',1,0,NULL),(1223,'NWUAKENPFYUYKIQ',1,0,NULL),(1224,'DOTFLTKULIGREHW',3,0,NULL),(1225,'ADONTMJIWWMZGFI',2,0,NULL),(1226,'UOUMEVSPHVIWHGO',4,0,NULL),(1227,'GXAGNGKRZYNCKVV',1,0,NULL),(1228,'EIWZFGBOACHOFIH',7,0,NULL),(1229,'JWGBLPRZHJGXWDO',3,0,NULL),(1230,'YDLEXCJBSXJHXXZ',7,0,NULL),(1231,'QOMQFQRQTIMPGUL',5,0,NULL),(1232,'KBLSFYLMARTXMDG',5,0,NULL),(1233,'NTYEOGPACUWWWKI',4,0,NULL),(1234,'UPVDAYOYLWSGIUF',4,0,NULL),(1235,'SNDMOGMTWBLTZHM',5,0,NULL),(1236,'OHDCJEKUSETNRHM',7,0,NULL),(1237,'HLWZCUXZMSQRTQX',6,0,NULL),(1238,'UILWJFISKBEPOJA',6,0,NULL),(1239,'AEANJQUTDURRAQB',5,0,NULL),(1240,'PZBZJZHUADMQAZI',3,0,NULL),(1241,'JXCYUXGUXDNXLRL',6,0,NULL),(1242,'SYSPANPKJEBLNVK',3,0,NULL),(1243,'AGCAULSLATZDUVI',1,0,NULL),(1244,'WKRUHHPVQVCKRER',2,0,NULL),(1245,'IBYAAIRSTRHLHJI',3,0,NULL),(1246,'SXZDYBBSWDPSBZY',3,0,NULL),(1247,'USVIAXBSGAHAHKD',2,0,NULL),(1248,'WMZVEDBZVXUAOSD',6,0,NULL),(1249,'UFPJUGPZTKILRRZ',2,0,NULL),(1250,'EELKYTVQZIPLDQP',2,0,NULL),(1251,'QDABIIPXOWSLNLF',6,0,NULL),(1252,'MJIIPGAGOOSGXTN',3,0,NULL),(1253,'SVBVEMASRYHMXMU',3,0,NULL),(1254,'TESZPBECBEGWXUD',7,0,NULL),(1255,'NDHLQZSTIYXMWAO',1,0,NULL),(1256,'ESXSFBDQTYEQGRT',3,0,NULL),(1257,'NNNCTOEYCVUAADB',7,0,NULL),(1258,'QYKFDLRDGUGIYVF',4,0,NULL),(1259,'OHKKQGJMODPTAXY',2,0,NULL),(1260,'MJZWXWBTFPXUVFG',7,0,NULL),(1261,'PODBYGUAMSAMSTA',2,0,NULL),(1262,'YZWDPUXJLGTWHCB',3,0,NULL),(1263,'LOESTEFMNXBXDCQ',4,0,NULL),(1264,'UWVTCJOZSOHGPKD',1,0,NULL),(1265,'KQEGRRIKNTHXRDM',1,0,NULL),(1266,'CEYHQYUKOLKIZDA',5,0,NULL),(1267,'ZFMXXELLTNSFZWA',3,0,NULL),(1268,'VQSEFHZMPSSAUEW',2,0,NULL),(1269,'CXYNPPXXNJDPCMZ',1,0,NULL),(1270,'MHDOMJIKGPYBRTM',1,0,NULL),(1271,'DDBHPBJRMURWACS',1,0,NULL),(1272,'RAQDJUDZGMCZZSK',1,0,NULL),(1273,'LMFMTHKJAKBNXRP',1,0,NULL),(1274,'JZVPXEYYRNGJKEE',6,0,NULL),(1275,'WHISXAITAGCTNFZ',1,0,NULL),(1276,'APLBMRGMKGXFDBC',7,0,NULL),(1277,'VMLNPHDNUPFESDL',1,0,NULL),(1278,'IMPNHRZUGXQIRLA',3,0,NULL),(1279,'TZZLQZCLVMYWQWK',7,0,NULL),(1280,'CHIPNWMQUOKUHOX',7,0,NULL),(1281,'HWUPKFPKZZYYRKV',1,0,NULL),(1282,'FQZENKMCPWBSONY',3,0,NULL),(1283,'TAPAMZKOLGCWLPB',4,0,NULL),(1284,'YGDFBUMJTDEDQEP',6,0,NULL),(1285,'QDFTHIEPWLPCAMT',7,0,NULL),(1286,'OPZHPWBCILSPRYF',2,0,NULL),(1287,'TPBCFOHNIQRPQXS',1,0,NULL),(1288,'ZXDKMKDEJIXGTPI',4,0,NULL),(1289,'HVXIXVXFKZTRFUV',3,0,NULL),(1290,'NNJCTQPFEZLQWPZ',4,0,NULL),(1291,'IQZQOTUNHJQDXAB',3,0,NULL),(1292,'JZSUHAUNKUYCVGC',3,0,NULL),(1293,'NFJWXJOIDDEZVGS',4,0,NULL),(1294,'FHXHTOISALNKGDD',5,0,NULL),(1295,'FPIPQYFMLMAVTMW',3,0,NULL),(1296,'FUPYUIFOYYVSZOR',6,0,NULL),(1297,'NCWFSUQGPGKSXAA',1,0,NULL),(1298,'TDVZUKMREEBQKCY',1,0,NULL),(1299,'DEQZPORUGAXTBUZ',1,0,NULL),(1300,'EKMLPNHLNZKPLCA',5,0,NULL),(1301,'WNEMXHLAIUGVJDT',2,0,NULL),(1302,'MLNNLNSHOATVMLE',3,0,NULL),(1303,'DCJJUBMOAXPSGML',5,0,NULL),(1304,'NJPHOSUHSEZINKI',5,0,NULL),(1305,'RRINBPMLOWZGHFK',3,0,NULL),(1306,'FIMKQYGSZYKSBIS',1,0,NULL),(1307,'CCIXRQJQIHAUUAJ',2,0,NULL),(1308,'PNKYSRDMAMRNJWB',1,0,NULL),(1309,'EYQFNJRURQSWUOM',4,0,NULL),(1310,'TDSULCYQVWOARNX',7,0,NULL),(1311,'CGFOKVUPJXXXDUH',2,0,NULL),(1312,'BUWFPTNJXCJQREN',6,0,NULL),(1313,'DCWOFIQSMGCLCTZ',3,0,NULL),(1314,'EIGZDGGZMRZNUPH',6,0,NULL),(1315,'UYZSNXEMSDAZLLQ',3,0,NULL),(1316,'IWGEXIUIEKWOBCX',7,0,NULL),(1317,'QDKOQOSMVVJGGKY',5,0,NULL),(1318,'NMEZRMGXYCZIQAR',6,0,NULL),(1319,'ZFKDRSYWUWDGRFF',5,0,NULL),(1320,'JKLRRONNMKWBBTK',7,0,NULL),(1321,'VWQNICKQIXGCJTR',7,0,NULL),(1322,'YDRFEQVMRIQCRJH',2,0,NULL),(1323,'KGADGTTCTQLXLKW',6,0,NULL),(1324,'JJLSBTFRDJYLANC',6,0,NULL),(1325,'PBFPNAPDXTKZXRP',4,0,NULL),(1326,'DYOUVJHQEMIUWVB',2,0,NULL),(1327,'YBREHBYXXRPDKUS',1,0,NULL),(1328,'ZMTZSOASONBINVX',5,0,NULL),(1329,'VGKKODYDNRXBCLI',2,0,NULL),(1330,'CPYYXTYMUPPHDFT',3,0,NULL),(1331,'JQGEOGDOVRDOKTW',3,0,NULL),(1332,'APWQRWQWQARSPLI',2,0,NULL),(1333,'MPDDTDVLNGXWVHG',6,0,NULL),(1334,'MHGLAFEOFWJJOIH',7,0,NULL),(1335,'NJQIALQZQITTWVL',4,0,NULL),(1336,'XVETVXDXRMJPSIX',4,0,NULL),(1337,'SUBBAKJJPFFCCQW',5,0,NULL),(1338,'PRXJVJAKMGCKJBF',7,0,NULL),(1339,'ZGIVPTKJTDXXIWQ',3,0,NULL),(1340,'LRBGEAOVZFFGUNV',6,0,NULL),(1341,'CUYQQWTGCOOUBQW',1,0,NULL),(1342,'SCRQGFRMFGYYDJS',2,0,NULL),(1343,'DQGJPUIRYIMONFZ',2,0,NULL),(1344,'RVDKFSKSIEHXRUP',3,0,NULL),(1345,'HBSZVYVXHNSRLKE',2,0,NULL),(1346,'YNDNZFPJIVTIUXL',2,0,NULL),(1347,'BLIKXMAWGHKHULW',6,0,NULL),(1348,'BDOSLUDOWIFLHZF',5,0,NULL),(1349,'ZFXZZBYSPCYKFSG',6,0,NULL),(1350,'KLAJYWNMCINLTKT',2,0,NULL),(1351,'LPSYNBTGKTJIPEB',5,0,NULL),(1352,'DPZHCSUSJGDJKWI',3,0,NULL),(1353,'IMFFZWOQOLYTSIW',4,0,NULL),(1354,'WXWQWXADZINYFGI',6,0,NULL),(1355,'NXLBLKBSZSRJLEK',4,0,NULL),(1356,'DZDIGZDNATPFKCR',3,0,NULL),(1357,'LQGSQBIMHHZWPCL',6,0,NULL),(1358,'UYVRHVHSEQESOKI',4,0,NULL),(1359,'VLGPTGTOAFQCLBW',4,0,NULL),(1360,'PREJNSEHLTOTPKL',1,0,NULL),(1361,'JEIAVYYOXNMNHLS',3,0,NULL),(1362,'NZPYTSOXKLHLZAQ',6,0,NULL),(1363,'YHAXMAKZYONLIQF',5,0,NULL),(1364,'VXWCRTQZNBHGAIZ',7,0,NULL),(1365,'EPRSZGXNVWRMSPZ',6,0,NULL),(1366,'TRTPFTSHDXFWMIK',2,0,NULL),(1367,'KDBEEAEQWQDFEUX',5,0,NULL),(1368,'ZIXONWZOQGSPKVD',3,0,NULL),(1369,'PGERHKQIGWJYMMS',7,0,NULL),(1370,'CKVCSCJBHBLOIHM',1,0,NULL),(1371,'KBRGRDYKQRFWRFF',4,0,NULL),(1372,'DESVVLKAWITLQBK',6,0,NULL),(1373,'TRDLMZQRTSLVPZN',7,0,NULL),(1374,'WEYURLNVYAMTJCF',3,0,NULL),(1375,'HPUCDGJYHBFXJJN',6,0,NULL),(1376,'TKUIBLGZWDYCLBW',1,0,NULL),(1377,'XJCETTWKVOBFTRN',3,0,NULL),(1378,'MHGQVUOTTEHDIFV',6,0,NULL),(1379,'MDNRDVNFHPYPZCG',1,0,NULL),(1380,'FXDHYKWVWCBQMZL',1,0,NULL),(1381,'TYWNARPIYVNYRUD',6,0,NULL),(1382,'YZTXJGANRWDJMMB',4,0,NULL),(1383,'IVCGGNISLFHXVXT',1,0,NULL),(1384,'UIBJYYBFTCLXUVD',1,0,NULL),(1385,'ZVIQFVHOXWGOMVS',1,0,NULL),(1386,'FWDLFMBZHROVUKC',7,0,NULL),(1387,'CZFJHHNNKOEIFXY',1,0,NULL),(1388,'HURGTJYNAOFJLXZ',6,0,NULL),(1389,'BPWZRNRSKQHEJIW',7,0,NULL),(1390,'DOXRWJWXZWSTHXY',2,0,NULL),(1391,'QXGSCTXVACCPRGB',4,0,NULL),(1392,'DZQWATETSZXIFWF',6,0,NULL),(1393,'FPRLXXDSWDTFOES',1,0,NULL),(1394,'SGBQDASGZNFRCAJ',3,0,NULL),(1395,'TMHCNYWPALPRVAQ',4,0,NULL),(1396,'UKQYJGWWONYAUPX',7,0,NULL),(1397,'PNIQAWPOGYFHDLT',5,0,NULL),(1398,'RBMBJTLEMTPJPYR',3,0,NULL),(1399,'EWTKMAJQXZTJHWM',3,0,NULL),(1400,'AAZQDVGPFVKIXZY',1,0,NULL),(1401,'RGJZCAVVYQEPRCG',5,0,NULL),(1402,'LVZPDKCLMWFPBXV',6,0,NULL),(1403,'BDKQMCORNRKQWJG',5,0,NULL),(1404,'XGVIXXGOIHFQNAT',3,0,NULL),(1405,'JROFHMPCRTHIUMV',7,0,NULL),(1406,'THHMUWTGJNAIARA',5,0,NULL),(1407,'PLNNUFFNYMWRJGY',2,0,NULL),(1408,'SPSVNNPTIICSNHW',2,0,NULL),(1409,'XRGIQHIUMQWWAMX',6,0,NULL),(1410,'MPVZGXAAWXUOAGQ',1,0,NULL),(1411,'WWNLBEYEEXXFDQH',5,0,NULL),(1412,'FKTCDCIAUBGJIFI',3,0,NULL),(1413,'ROELTRPMANLZBJG',4,0,NULL),(1414,'QEKXRFSVNYSZWVT',4,0,NULL),(1415,'TYJQJNWAESDBOQN',1,0,NULL),(1416,'HDRELBMMROVSJPV',5,0,NULL),(1417,'DCGRVMVQVEMTXLX',3,0,NULL),(1418,'EYCWZEBOMCBVGZD',3,0,NULL),(1419,'JNQCGBSAJMIPODY',3,0,NULL),(1420,'NVLVPCWZWAKZIHV',1,0,NULL),(1421,'ZSIKOIHFQETNYOB',6,0,NULL),(1422,'ERWEKFAMYQHVVHW',2,0,NULL),(1423,'PYKAKLOOQPZURFO',4,0,NULL),(1424,'WKYHHFGLZTWBZMH',5,0,NULL),(1425,'BLFCQFPGCTTPGOL',4,0,NULL),(1426,'JVQLSVEDNQWFUEW',5,0,NULL),(1427,'ZWIUWHSZKFCCFQX',2,0,NULL),(1428,'BPVMEUXNSGLBVJF',3,0,NULL),(1429,'ZVXFGLJIGLBGWXS',6,0,NULL),(1430,'ZMVHZKQSMZWPSRL',3,0,NULL),(1431,'TNLFOWIUUSFABIE',3,0,NULL),(1432,'TLYTDLKJZYUZPWS',3,0,NULL),(1433,'FECEANKYUAZDJFN',7,0,NULL),(1434,'UOOVRBOLPWMJGIQ',5,0,NULL),(1435,'HLLKQPTXVLXYBMR',3,0,NULL),(1436,'HZXDQGLDITCMRIN',3,0,NULL),(1437,'NYKHGOOITJAJHEZ',5,0,NULL),(1438,'XPWSZXWAJWHPFCI',7,0,NULL),(1439,'HKFRICBTTECIVFA',6,0,NULL),(1440,'EITIEMXYTINAEBE',3,0,NULL),(1441,'KDSDAUCBYKEWGZE',2,0,NULL),(1442,'XMSFEQXCYZFGYQW',2,0,NULL),(1443,'SJMDTNPYIZSOYYM',3,0,NULL),(1444,'WZZXQVSMLVRTEPF',2,0,NULL),(1445,'ZOTHVBLPPFPZGXE',3,0,NULL),(1446,'ZUWECZVLERPSYMR',5,0,NULL),(1447,'ZSWKTMFBXNODLQF',1,0,NULL),(1448,'UEDCLGZPVPGEQHJ',2,0,NULL),(1449,'TAWXAYUHFPSJTZZ',2,0,NULL),(1450,'NFQHMAXSWCHNEHF',4,0,NULL),(1451,'FKDQDWPYFZIHKSF',6,0,NULL),(1452,'EFUBTHWEMNUKCWK',1,0,NULL),(1453,'ZWDQENGCYECEAXS',7,0,NULL),(1454,'UTZWOXNDTAKDQLO',1,0,NULL),(1455,'TMVTHOQVJDGHCDJ',1,0,NULL),(1456,'OHBRPAJWWPSCNIL',2,0,NULL),(1457,'EICSQBMRQGKSYQS',1,0,NULL),(1458,'BCWEZCVJAAEUCOW',1,0,NULL),(1459,'DQIPMSUOIOLYTVP',7,0,NULL),(1460,'HQEMYSCMXWSBWPN',7,0,NULL),(1461,'DIPQAGXLMOGEOYP',2,0,NULL),(1462,'DXKGJLETKXFOIFV',7,0,NULL),(1463,'FEMOOSYKBMGTWIU',6,0,NULL),(1464,'TOWWWNCLWGJBLUS',2,0,NULL),(1465,'LVJVXMVEQOBPGQF',4,0,NULL),(1466,'ZQTDPTGLMGNELUJ',3,0,NULL),(1467,'SXISPTBAVHXRYHI',7,0,NULL),(1468,'GNJPEVTSXDXNBJU',3,0,NULL),(1469,'ALQNZBHRTLUHQPF',7,0,NULL),(1470,'STMBTXCNSLGUVOH',7,0,NULL),(1471,'ZYTZKNSTLMCOUTS',2,0,NULL),(1472,'KJCJDJEHINPMXAD',1,0,NULL),(1473,'XQXOIXBKRBPDMWK',3,0,NULL),(1474,'YCTKPJEIUNNTSUB',1,0,NULL),(1475,'MBGXLJFDEIYHWCK',2,0,NULL),(1476,'HQSGUAJAUNDCYAH',1,0,NULL),(1477,'DUENLBOXGVISQVH',1,0,NULL),(1478,'XGFNUYYXCBMEUBO',3,0,NULL),(1479,'TJPZSIIKHNRQJYU',3,0,NULL),(1480,'CXWWWFCALKWZMVQ',2,0,NULL),(1481,'MQVREMVFDNQPDRK',6,0,NULL),(1482,'QHQKBVVFDTUYKQD',4,0,NULL),(1483,'DDIFFXXPBZVUTXN',2,0,NULL),(1484,'WHYBKIKDFAFDDLE',1,0,NULL),(1485,'GYBZLMWEIUPCSDB',1,0,NULL),(1486,'AUWJUXSKFEZAORS',3,0,NULL),(1487,'OZERLWNJJYYKSGJ',7,0,NULL),(1488,'TVHWMYGRWJYTCEM',1,0,NULL),(1489,'KJPNVMFDIZUXCMA',5,0,NULL),(1490,'JKHNSAPWGOGXGII',5,0,NULL),(1491,'XEEYRUPXERXPGNZ',3,0,NULL),(1492,'YJEXQNEWKYEMAHL',6,0,NULL),(1493,'QJSOGBXDLWZQQAG',3,0,NULL),(1494,'XZPCZPITPKAVXDG',4,0,NULL),(1495,'HMMWUKZCEAGPGYE',2,0,NULL),(1496,'EEZKADNAHIQKSOA',5,0,NULL),(1497,'AHLPTOCQZIZBXAW',7,0,NULL),(1498,'HIRBABPYJAJGOOR',6,0,NULL),(1499,'MLVLZKJHAKFXPOY',4,0,NULL),(1500,'LKPAQYTXDZEIUSB',7,0,NULL),(1501,'IOYKJJPLEPULTYP',2,0,NULL),(1502,'XOLRGRFLGAICGFK',7,0,NULL),(1503,'PPUDZTZNCXKKZEV',7,0,NULL),(1504,'JVNIHXEBBSOBRQK',6,0,NULL),(1505,'NGBVUBYNZZHOQZS',4,0,NULL),(1506,'SGDHMHHWLVCCPYB',2,0,NULL),(1507,'BAPHNICYVKFZGTV',1,0,NULL),(1508,'DAEEHBVKMFDFZTD',7,0,NULL),(1509,'EUBJRKPPDHUBCFL',5,0,NULL),(1510,'RMBASKLGFOENWSW',4,0,NULL),(1511,'LOQJSUGIJIOOQSN',7,0,NULL),(1512,'LJUEREJLVJZUFDJ',4,0,NULL),(1513,'TYWBBTCQLMNGQQA',3,0,NULL),(1514,'UYEOFPDOLCMYDFB',6,0,NULL),(1515,'IIDUBKAJOCWBXDU',6,0,NULL),(1516,'UDULZOZFDOOJLJA',1,0,NULL),(1517,'AAFVNQHBDMLLOSK',5,0,NULL),(1518,'SKQUFADAPLNKSWB',5,0,NULL),(1519,'GGHOKHKWCNCATZQ',2,0,NULL),(1520,'UQBUPWVGZXJBAPU',3,0,NULL),(1521,'RHJEBBBCTRFIRJA',6,0,NULL),(1522,'OVJTCDBXNMWWEDX',5,0,NULL),(1523,'ZHSCZMYEBHBPESF',1,0,NULL),(1524,'UKEIPEGGGVBNMHY',1,0,NULL),(1525,'URCAFUYQAABVGHK',2,0,NULL),(1526,'EKDJHFWWJFLUPQN',5,0,NULL),(1527,'SWUVPTCZPBYOAJQ',6,0,NULL),(1528,'NHXZCQMZUAWTOUF',5,0,NULL),(1529,'FVNXULEYGHWKANL',2,0,NULL),(1530,'KLTGMTOCIWNBUVX',4,0,NULL),(1531,'ROTQFJZDZRDEIPK',4,0,NULL),(1532,'XBRIABKOMJIWNOQ',5,0,NULL),(1533,'NTXFWOWJBQETVHM',6,0,NULL),(1534,'BHXNGERDGNJUNHH',5,0,NULL),(1535,'MNDCWVCVJFUGIHC',2,0,NULL),(1536,'YWODQDSWASULFZO',5,0,NULL),(1537,'PFQQNHKEABTFRMM',1,0,NULL),(1538,'GSUBLSQSHRUDCDF',2,0,NULL),(1539,'JQAANKRSJTATNWF',5,0,NULL),(1540,'PEECLHWQTWVJVCK',5,0,NULL),(1541,'UTDQIUWOPKARBIO',3,0,NULL),(1542,'HJCWRBINLTAUBCZ',3,0,NULL),(1543,'KFBZYIHVOOBATBB',6,0,NULL),(1544,'NUNTDNIPWIJQNLQ',7,0,NULL),(1545,'ECUWWIONUGYMTIY',5,0,NULL),(1546,'EYEVGNUBUKPGWVU',2,0,NULL),(1547,'JKWSGEWCMZDNZOK',1,0,NULL),(1548,'TNDIJQORSAXTVIL',5,0,NULL),(1549,'HJJEYUZOSPUFWBR',3,0,NULL),(1550,'JAMATWSATPEXLFU',1,0,NULL),(1551,'YUFUOZGWKSXSXXF',3,0,NULL),(1552,'CDDHNQWVVNSNKPJ',6,0,NULL),(1553,'ZGPDPDUDURFOBDS',6,0,NULL),(1554,'IWLBBZPHSVWIWDR',5,0,NULL),(1555,'ZYFWAGBBQFZKPGK',5,0,NULL),(1556,'MLTBEFJJVZNUCQL',3,0,NULL),(1557,'BXRTIEYSOQJKEOI',4,0,NULL),(1558,'KELZBXHPKMIDFBD',3,0,NULL),(1559,'MCQPFQWJPTTNVTT',3,0,NULL),(1560,'RUCXLMLDAXURUUI',3,0,NULL),(1561,'IERWEQMABPHYPWB',6,0,NULL),(1562,'NWJYDJCSZVCDLHL',5,0,NULL),(1563,'PLVJIGLAAGSJNZZ',3,0,NULL),(1564,'OXAATJMFGIMUCKA',7,0,NULL),(1565,'CGIZJJJWGXVVAYK',5,0,NULL),(1566,'BDPZMDJHMJNVGWY',7,0,NULL),(1567,'CXWANGZKJAUMPCJ',3,0,NULL),(1568,'UYYDRJQSKIRCGVG',5,0,NULL),(1569,'HZPYNQKLEIHENNX',1,0,NULL),(1570,'JMLZORWIFXWROOA',3,0,NULL),(1571,'IQZJPOYPQXIDHAQ',7,0,NULL),(1572,'AIVHPBFUSCKRHEY',4,0,NULL),(1573,'GXNCJGFRZCLITRE',5,0,NULL),(1574,'FARUJNYYCRUBXZB',1,0,NULL),(1575,'PQWPVGKYHWKWMUQ',1,0,NULL),(1576,'QQFTSDZHAUECXON',1,0,NULL),(1577,'RYVWYBOMXAKVDIP',7,0,NULL),(1578,'XESGSKZREDDAILC',6,0,NULL),(1579,'ZMMOFEYZKUDTNGS',1,0,NULL),(1580,'AXXFYCRSIJMPYVT',2,0,NULL),(1581,'EUNKAANKYHJVHEJ',1,0,NULL),(1582,'LGMYWFIXNCLZJBZ',4,0,NULL),(1583,'SROXVUOPJYSJQEK',7,0,NULL),(1584,'CTETMVYRHRSSCEI',1,0,NULL),(1585,'OLEVJQMEPSKRFBY',6,0,NULL),(1586,'MAWMVSBJDOPSRSX',1,0,NULL),(1587,'YQWGLHLTCLXUPET',2,0,NULL),(1588,'PXPDJMCOQGYFCAM',5,0,NULL),(1589,'TRKGGUUPGZOCUCI',3,0,NULL),(1590,'NJZYCLKQPRKNARS',5,0,NULL),(1591,'ZNJHLUTZLNSJXIJ',5,0,NULL),(1592,'DSWZZDVIDPKHONJ',3,0,NULL),(1593,'ZOEWRWLIYARQWAP',5,0,NULL),(1594,'RJNOHAOZJTHXTUL',5,0,NULL),(1595,'NNVMEYZXJJGUYXH',1,0,NULL),(1596,'TSONCXAAGAUFCVO',1,0,NULL),(1597,'OOTYFVCGITLBJRP',3,0,NULL),(1598,'BAWGRHCKOFEFJLK',4,0,NULL),(1599,'HDVHLXYZFXTZPPD',6,0,NULL),(1600,'BPPKAIRPLOOZZQA',6,0,NULL),(1601,'AEOTFMEQFAUBCSG',2,0,NULL),(1602,'HMVXELZHPGQZWKM',1,0,NULL),(1603,'NBTIDAXRZEFTXFJ',1,0,NULL),(1604,'IULBXFGUUSFJAZJ',5,0,NULL),(1605,'DJASHCSFTHFXNDO',3,0,NULL),(1606,'EWNUEHYQFPCINDY',3,0,NULL),(1607,'GOHJWUOJZPLQSFL',1,0,NULL),(1608,'FFGPXIOBNZQBHYB',4,0,NULL),(1609,'TURBJKXDBXXLPAW',3,0,NULL),(1610,'ZWPJKLDAITOVLUJ',5,0,NULL),(1611,'ERPBWXGDOEEJPEW',3,0,NULL),(1612,'VGNURPGHDEAFFJL',6,0,NULL),(1613,'XAYBNESVDGEINRI',2,0,NULL),(1614,'NMNPRVCUOYJYIYG',4,0,NULL),(1615,'RLZPCSOCOSDIWXC',5,0,NULL),(1616,'EKAUZLMDRJKQCUJ',3,0,NULL),(1617,'UKWCCCYZXNINCNW',3,0,NULL),(1618,'BSAIVGYPNMNNHNP',6,0,NULL),(1619,'GESSGBVDRKKQAHB',6,0,NULL),(1620,'SDJUJRKUJNAICEX',3,0,NULL),(1621,'VNOZWRBDLOXXCXB',4,0,NULL),(1622,'USKIKAKPGJGREXM',7,0,NULL),(1623,'GOEAPBAKWDUQZBR',6,0,NULL),(1624,'DGJZYFVVRHDJGSH',6,0,NULL),(1625,'FYHCFQFMVTKFUAS',4,0,NULL),(1626,'VAKOCUFRPNHBFJC',4,0,NULL),(1627,'LKARELCXHVIXTXJ',3,0,NULL),(1628,'SOQFKXUEOVYLQYR',3,0,NULL),(1629,'SHZUTGLBJCVCEQN',4,0,NULL),(1630,'HOVSFVBZJRTTAGH',2,0,NULL),(1631,'XMDDLUWGYCXFEFP',7,0,NULL),(1632,'KHFZLIECJUHVMFL',7,0,NULL),(1633,'WPHWWOABQCGIPBV',4,0,NULL),(1634,'CVJZVLUKWFJPIWU',2,0,NULL),(1635,'ITOLTTUUCUSDOYF',6,0,NULL),(1636,'XSEPTGKMPJANILJ',5,0,NULL),(1637,'NVCIDQGAUINYWRV',7,0,NULL),(1638,'RWFVQUWGAVFQJSP',3,0,NULL),(1639,'LXCMMGEHSPKVMJK',4,0,NULL),(1640,'PYNAYBTXPJYUCTZ',5,0,NULL),(1641,'TBGHYOWMHBUTZXB',6,0,NULL),(1642,'EQCHGJQJTRLZWVE',6,0,NULL),(1643,'UFYVUFCDROQJMPJ',1,0,NULL),(1644,'OOOQZWFJXLUVXVU',5,0,NULL),(1645,'QZZAZQHXTVNXFQY',5,0,NULL),(1646,'LDODRZEOBYXLLVQ',6,0,NULL),(1647,'SYRPIWPCJZPCVRI',1,0,NULL),(1648,'VBUYOKIHAYNMYUM',3,0,NULL),(1649,'ZWTOMNRVDHPUJQC',7,0,NULL),(1650,'YEBGEVGRMUJKFIP',1,0,NULL),(1651,'UOUGYOFGGPSEFQF',7,0,NULL),(1652,'AVSLEXOGCYHVMSE',1,0,NULL),(1653,'UNUFEFVKTICNPNH',1,0,NULL),(1654,'VYUSOGAMUAQUGKY',3,0,NULL),(1655,'EMLNYZOAEJTQYXT',1,0,NULL),(1656,'VJXSEWWZGDFELCA',5,0,NULL),(1657,'WUSDULSHAUOTPVY',2,0,NULL),(1658,'JNEBEENOLWCRZVF',2,0,NULL),(1659,'EBTDFIYPZTWHGHI',1,0,NULL),(1660,'RDELXOJOYRMOKWV',4,0,NULL),(1661,'YFMBMRINETZDOSL',4,0,NULL),(1662,'VZDBQLOLUDQVDLS',4,0,NULL),(1663,'OPIGOTNOXMTXZKS',3,0,NULL),(1664,'KTTUDRLYSVNMKQR',5,0,NULL),(1665,'NZGBTBWALNEVPFF',3,0,NULL),(1666,'BBQCMISNDVNQKKR',5,0,NULL),(1667,'TSGSMWWERMJFBND',2,0,NULL),(1668,'XZDYOTEDYVLUIEA',3,0,NULL),(1669,'ZXMAJTLUFRVWJKE',5,0,NULL),(1670,'YOTSIRMOXIJHMPT',1,0,NULL),(1671,'PIWBBPQHPMSWCMY',7,0,NULL),(1672,'NMWQYWIGLLBDMAC',3,0,NULL),(1673,'YJZGTQUAPIYLVIG',2,0,NULL),(1674,'GDUYSWATAYSLVBD',5,0,NULL),(1675,'JVJNSSDAZZKOQZZ',1,0,NULL),(1676,'UQIYNQYVMKCXYZS',6,0,NULL),(1677,'DNFGAOVSZCENWMQ',7,0,NULL),(1678,'YOPBYQOYBVZFKKP',3,0,NULL),(1679,'KUVNGBHTIGJSNGP',4,0,NULL),(1680,'JQEJLNYWKRMOJVK',2,0,NULL),(1681,'GMMJMFOJMPAALON',6,0,NULL),(1682,'MZCXTYOACXQFDFY',5,0,NULL),(1683,'RYKBPJONTSEZGFD',3,0,NULL),(1684,'HBHAJCCKTZZVRMU',6,0,NULL),(1685,'CBCVOHITSWOAWVR',5,0,NULL),(1686,'DQGRMTFDIUWTJES',6,0,NULL),(1687,'VSPYVLJHTWNBYWH',3,0,NULL),(1688,'LZNTUTEHZYZCVAX',1,0,NULL),(1689,'OMTOXYUQJOKDGQD',2,0,NULL),(1690,'ELHWACAZYDYMJDY',1,0,NULL),(1691,'IZTQLZXJPBUSZXX',7,0,NULL),(1692,'QISQZFHCGMGWSRV',7,0,NULL),(1693,'SGVINJIUKISVBTL',6,0,NULL),(1694,'CXBKRHHASAZSKAM',6,0,NULL),(1695,'YXQYVJFVAAJNVKG',1,0,NULL),(1696,'EUUUCLVCJNFPFQZ',1,0,NULL),(1697,'LLJBDPMZUDHVMYL',1,0,NULL),(1698,'QODRZMMXCEPFYCC',2,0,NULL),(1699,'ZDPJZCPWJTQGHRR',5,0,NULL),(1700,'HQUWTSYNGOFRKIG',1,0,NULL),(1701,'MCIOXCPFWGJVZSP',1,0,NULL),(1702,'OQLUACEMKLNYZHM',6,0,NULL),(1703,'NBKIVCWFYYHPMCZ',5,0,NULL),(1704,'KUMSHCEZRWLCYBD',4,0,NULL),(1705,'FJJCUCVKYNCPWIM',5,0,NULL),(1706,'HMNTTXBCFAYICIG',7,0,NULL),(1707,'DSPQFVOJCGJWPXL',6,0,NULL),(1708,'KTKKUDOZCNYYVJT',1,0,NULL),(1709,'XKZBGABUGCLAPPV',1,0,NULL),(1710,'SELROCSQYRUKTWQ',5,0,NULL),(1711,'NLAHVDPHYPETHNY',3,0,NULL),(1712,'ALZNHBQFQGEVGJN',5,0,NULL),(1713,'AACLWQBWSGDZCCY',5,0,NULL),(1714,'GLFZWBHYCOZONBT',7,0,NULL),(1715,'BZAPPIBJSKWKNUU',2,0,NULL),(1716,'LHRWUKBJUFTULCL',4,0,NULL),(1717,'IELFNQOCZVPFBTD',6,0,NULL),(1718,'YPBGLUQBVOHWISV',4,0,NULL),(1719,'RSUXHOYKXENAICA',4,0,NULL),(1720,'ZSBUONIGYIMGCLX',4,0,NULL),(1721,'EYXSHZFVISOKVUL',5,0,NULL),(1722,'NZVYORVPQILJCSU',7,0,NULL),(1723,'SMFNBAWZDKPXAKC',7,0,NULL),(1724,'TSPGLNEBZLFICCN',7,0,NULL),(1725,'HTHOYRARKYZRQXT',2,0,NULL),(1726,'MFUCKXAHUXAAOGZ',6,0,NULL),(1727,'VYPSMDZLXBVCAYH',4,0,NULL),(1728,'JVWBQJBEQSXQCIN',5,0,NULL),(1729,'GXSEKXATFBPBIAA',5,0,NULL),(1730,'ELQSEWNHKTVBYSO',7,0,NULL),(1731,'EQSZLTHDXXWUZRC',7,0,NULL),(1732,'FJGYATDTMYQVPEQ',5,0,NULL),(1733,'EVMKDNTMLLIMTVJ',6,0,NULL),(1734,'NZEXAXSDFJQXHBY',5,0,NULL),(1735,'RFWOCETKCBVNMZQ',4,0,NULL),(1736,'GJEPZPWFSGSYGHJ',6,0,NULL),(1737,'AKWHTBILICJGPUG',4,0,NULL),(1738,'BBGBAEUGJQETXFX',3,0,NULL),(1739,'RCKEBWIJURZNOZY',5,0,NULL),(1740,'EQEWHLZOARRQHFC',7,0,NULL),(1741,'ZBLYEGMBPHKHYJC',5,0,NULL),(1742,'VNDYBPCDXTGOOCK',7,0,NULL),(1743,'PEGQFFHFQNZKUUU',7,0,NULL),(1744,'HZKFCQYSJVJGBAM',7,0,NULL),(1745,'NLCDXKKEMJXMTKX',1,0,NULL),(1746,'UNCEDSOTZLFOVLK',1,0,NULL),(1747,'WQEMZJOWLJWBDDP',1,0,NULL),(1748,'FDGJEVIDZEVHVYY',5,0,NULL),(1749,'QRQIBOZVNKJVUBY',5,0,NULL),(1750,'EMJUYFQTOOBRLVO',7,0,NULL),(1751,'SHGKAFDASTHHDYZ',3,0,NULL),(1752,'RQZDUMNZGHRRXCQ',3,0,NULL),(1753,'LDRSFVWCYVFORNE',6,0,NULL),(1754,'GWWQLFCJWUACMVG',3,0,NULL),(1755,'RZUHQQEZOBPQJRO',4,0,NULL),(1756,'HLLFUDHMYHRNXFN',5,0,NULL),(1757,'CYCOCNYBZPOLFEA',4,0,NULL),(1758,'MQZUCDNECPJGRZS',7,0,NULL),(1759,'VTCFGZWRZNMEKHM',4,0,NULL),(1760,'EZVIDBDILIYFBBP',4,0,NULL),(1761,'AFBAZPQZYEQQFXR',3,0,NULL),(1762,'BZYKGDZCBLDNWWS',4,0,NULL),(1763,'FUQNVNURSJPSMQL',1,0,NULL),(1764,'KTSNXFQPMAOQFCL',4,0,NULL),(1765,'CKZNEOSHIKPFISV',3,0,NULL),(1766,'LNDCTIHRAPEAUQS',4,0,NULL),(1767,'VEGEYMQFGGPAHFD',3,0,NULL),(1768,'ZQDZKLRUVXGLWBH',4,0,NULL),(1769,'WDLNLMZAHNNOXDJ',4,0,NULL),(1770,'NJVVPVFGFKJVSBV',5,0,NULL),(1771,'YEZNJLQHSWJWPIJ',4,0,NULL),(1772,'AMIQRWXZSSMBMHB',3,0,NULL),(1773,'IXFDUVZUZPJODAC',3,0,NULL),(1774,'FODNNQPGQADAHUZ',7,0,NULL),(1775,'ATIPLVWNJWEKZET',6,0,NULL),(1776,'BIOIGYPMZBIYOPJ',4,0,NULL),(1777,'FPGTNGSPARXLMFX',2,0,NULL),(1778,'NOFVQJTRJJSAAWQ',1,0,NULL),(1779,'CBBENHSBMDCCADF',1,0,NULL),(1780,'XORIVWNYHHSJHJF',4,0,NULL),(1781,'IQXXMKOMQWIIFUZ',2,0,NULL),(1782,'PRLSZLEACQHSRAS',3,0,NULL),(1783,'YVKZRWYYFEJTCHF',5,0,NULL),(1784,'RXHQBAVGVNNJREX',4,0,NULL),(1785,'ZCNVUPKFUWEEPSG',3,0,NULL),(1786,'XBMDTKDXDLAVEUQ',2,0,NULL),(1787,'RBRLYEVAFLJIVXZ',5,0,NULL),(1788,'VYJFQXICITMYKMQ',2,0,NULL),(1789,'YGCBDMQUASNBOVR',7,0,NULL),(1790,'QOCRDTIBXGOSTBV',5,0,NULL),(1791,'YOQZBPZEWSQVKNJ',3,0,NULL),(1792,'BACFYIEVHGCZGKF',2,0,NULL),(1793,'YYBBSSRWMRIGVZN',2,0,NULL),(1794,'GFIXKAZJFXWZOPQ',1,0,NULL),(1795,'CWYFTIBRAJHLQCB',1,0,NULL),(1796,'AEFQVOUGXPJQJIH',1,0,NULL),(1797,'JRUOGBABKMDBZIU',1,0,NULL),(1798,'TUYVAQWWIAFKLOU',6,0,NULL),(1799,'FRAMXNBQNEGSQOP',1,0,NULL),(1800,'ZMSEGABWGCLJBZV',2,0,NULL),(1801,'HPPHULNDYDNFLXH',7,0,NULL),(1802,'DMOBTLYWKOIWKQE',6,0,NULL),(1803,'YAFGXAJFWIECDOK',7,0,NULL),(1804,'XEHZYUOEDCRMTBI',4,0,NULL),(1805,'PXPJBZZSYFVWXSV',1,0,NULL),(1806,'CKSWRTDSRIOGSHC',3,0,NULL),(1807,'ZNWGWXJBPRKDZXJ',5,0,NULL),(1808,'XYSXNBVQXVPPCNP',4,0,NULL),(1809,'WXDIDHRMJIJYWBC',6,0,NULL),(1810,'AEZIMGJHHWDEHRA',6,0,NULL),(1811,'WGYQZRYOBVFJHHZ',4,0,NULL),(1812,'WVQNRRNPMCJLWTB',7,0,NULL),(1813,'XZKYWNCZNXYCSRJ',4,0,NULL),(1814,'CRKRYCKBYTVTPXU',4,0,NULL),(1815,'USAURWGUSZUKOIY',4,0,NULL),(1816,'GWHIUNPZAMXABME',1,0,NULL),(1817,'ROBOVFSXEFJHIYU',5,0,NULL),(1818,'HVAXUENMUQNFDWB',7,0,NULL),(1819,'HPTVJMWMWYKVJWG',6,0,NULL),(1820,'YUCQPPLFATSGOBE',1,0,NULL),(1821,'RAFQEQPYCZOHEKF',2,0,NULL),(1822,'HOOJOTMFTBZFBWV',2,0,NULL),(1823,'LMRGIXUXDHQKAMS',7,0,NULL),(1824,'YHJHXQWOSMSVJUO',7,0,NULL),(1825,'XNBFTOIBSNQOAFC',7,0,NULL),(1826,'XSFKJFAQSDDYTSI',6,0,NULL),(1827,'KYPDHIGCEJRTOQI',1,0,NULL),(1828,'NDVAVOGLAWOSTYG',1,0,NULL),(1829,'XVPXTIEBNCXBXNR',4,0,NULL),(1830,'KPRHLBMILGJFEWD',7,0,NULL),(1831,'LVWHPGJVOHWCDMP',7,0,NULL),(1832,'KZJBAXFGXNKEOKB',2,0,NULL),(1833,'VXRWJUFTIGEVYLL',1,0,NULL),(1834,'CWKGKVHPBHJUMSA',4,0,NULL),(1835,'PQGYRCIBLAXEMYN',5,0,NULL),(1836,'YDAVBMBXEHGGHHG',5,0,NULL),(1837,'BIUHDSJIWLPBWTC',4,0,NULL),(1838,'ABHTUAVPVZAHSXH',1,0,NULL),(1839,'CUMHBPQGMKJUQFF',3,0,NULL),(1840,'DNMYIIIMHFFDPGQ',2,0,NULL),(1841,'LDLHNNNWCLPMRFO',1,0,NULL),(1842,'OKIIYVFLEDHWPDF',3,0,NULL),(1843,'LSXRJEYYWOMXRZA',6,0,NULL),(1844,'BNAOFCEINJHXSFG',1,0,NULL),(1845,'PKHASZPYRERWKKL',5,0,NULL),(1846,'GTAHUZUEQFFHVRV',5,0,NULL),(1847,'IFEYSOQAALMLPQX',2,0,NULL),(1848,'PVOVFPTMWJYFMDS',4,0,NULL),(1849,'LPXVGBQKJLJERED',3,0,NULL),(1850,'DENHKYCVOJDYUGX',5,0,NULL),(1851,'XOJTHWIHXTMVRCE',2,0,NULL),(1852,'XFJACZVJAWAPZRV',4,0,NULL),(1853,'UDCTBZNFJJVUIEA',7,0,NULL),(1854,'THZCVVUXMOGQTAW',6,0,NULL),(1855,'GBDSUQPMNUUPSPR',7,0,NULL),(1856,'TIVAKOAOFPWKCIK',3,0,NULL),(1857,'IDIXGYYPMUHDUDD',1,0,NULL),(1858,'BYHGAMVQZCRKBSP',1,0,NULL),(1859,'HJVCJLWBJXPBYML',1,0,NULL),(1860,'ORBGLPJAVQNEPWI',3,0,NULL),(1861,'DPYWOXEPBORBEIG',1,0,NULL),(1862,'CGFTYKHIQTBMQCT',1,0,NULL),(1863,'GTWZAONEDWYXDHB',2,0,NULL),(1864,'NMMLFZZCVNDCHQR',2,0,NULL),(1865,'ZQQMBAFDSWENGCZ',2,0,NULL),(1866,'DUESJGPGYAJRAAF',7,0,NULL),(1867,'CYHFLIATOWYGUWI',2,0,NULL),(1868,'DJXZGBPSUXEGLIY',4,0,NULL),(1869,'TKLKSXBWSLIESIW',4,0,NULL),(1870,'YBBWEFLLNXLDXHZ',5,0,NULL),(1871,'LBJBHSWSIAPUWAU',3,0,NULL),(1872,'PJBALRUPXKUUQNT',6,0,NULL),(1873,'PCGMHTKYEYJHYDX',3,0,NULL),(1874,'HPMYDQAROXPOWGJ',6,0,NULL),(1875,'TXDTGCLAFHQOXBP',2,0,NULL),(1876,'FQTBDRTJGFUDTTZ',2,0,NULL),(1877,'OUBZRSVPGMZOUOE',1,0,NULL),(1878,'LKKFJECOAENJQGC',1,0,NULL),(1879,'KIMUVXEJSCXKIJK',6,0,NULL),(1880,'NKVAMRPBSMYLETV',3,0,NULL),(1881,'INLITZEGJMLOOXW',5,0,NULL),(1882,'RVJEBYCHVZNEQWN',1,0,NULL),(1883,'FXGADPXZLCQPBRX',1,0,NULL),(1884,'PCINDJZXZDGWENQ',7,0,NULL),(1885,'IGBWGMLDHPJPGLL',7,0,NULL),(1886,'KRRXJTGDRREJUIM',6,0,NULL),(1887,'JWAHMCPDUBPHMHY',4,0,NULL),(1888,'QHPUTGDFIZATLVA',6,0,NULL),(1889,'TCYTLYIGQIDRTNZ',1,0,NULL),(1890,'SWODEGQXLLVHVVU',3,0,NULL),(1891,'MRNZNCDLWZKDMHA',3,0,NULL),(1892,'XKMDXTDHRDBIPML',5,0,NULL),(1893,'UZZGJTQGRJDQRNM',4,0,NULL),(1894,'ABGTIZLHATFILQF',3,0,NULL),(1895,'XYKDTPDIXYDKCAO',5,0,NULL),(1896,'ZBEXUWKWEKVUFQU',1,0,NULL),(1897,'AMYDKZLFQXPRCIM',2,0,NULL),(1898,'IKVHOAFIJFNUJJN',2,0,NULL),(1899,'CSGFOLHPZMNPVMO',6,0,NULL),(1900,'DWZOOWVDBWJMMYR',5,0,NULL),(1901,'XRDIIBVCCMTZBWZ',1,0,NULL),(1902,'SXQHQFLJCFORBWL',1,0,NULL),(1903,'UPERZSKDIVRZORP',5,0,NULL),(1904,'VSZCSGXMQCEMQZJ',1,0,NULL),(1905,'OHMRKICDASIJRZV',1,0,NULL),(1906,'JKBJDABZSUGFDZM',5,0,NULL),(1907,'JGCTTUCYZZCDGEV',6,0,NULL),(1908,'WWHEYWXAEWPINRB',7,0,NULL),(1909,'WIASCMDETGMMWWB',7,0,NULL),(1910,'GJOVDWORDXEJZLP',6,0,NULL),(1911,'RIIAQCBAWVZFXTU',5,0,NULL),(1912,'YGCOHBBEBBDIHNN',7,0,NULL),(1913,'ZFKEOBOPHXVHEWN',7,0,NULL),(1914,'SFLLNNGYAMSMWEL',2,0,NULL),(1915,'NHLHPAPPIMMVXRC',6,0,NULL),(1916,'RUUDAOJEVBZCJVH',6,0,NULL),(1917,'LOQLPSQDQDHQLJW',5,0,NULL),(1918,'YFZYGHJJZBKTZGU',2,0,NULL),(1919,'YJNOJTAXQSSFVCJ',3,0,NULL),(1920,'HHFBWYMOWDPNPVL',7,0,NULL),(1921,'WLKCMBMOMITVWKU',6,0,NULL),(1922,'ZPVWGLPULXCGQVC',4,0,NULL),(1923,'IQMQIPWQGRPUNJU',1,0,NULL),(1924,'GRLLWOLNEFICAXI',1,0,NULL),(1925,'ROROTLWQAMQEZLE',5,0,NULL),(1926,'BRBNLIETHNVWSEU',6,0,NULL),(1927,'BXZVLNFJOWLQZHZ',7,0,NULL),(1928,'RNNBAQDPLTOLFPT',4,0,NULL),(1929,'OWAWJWGYJVVDMWZ',5,0,NULL),(1930,'JWGLPAJMMYPBWSF',5,0,NULL),(1931,'QNGXKBLODULHKBQ',4,0,NULL),(1932,'SFHZPYQOIISQMGM',6,0,NULL),(1933,'ZSTPPQSBLFPAUIL',6,0,NULL),(1934,'BVTYPUPYBOQECEQ',1,0,NULL),(1935,'GLSGYDEFPAEPAVZ',6,0,NULL),(1936,'EZBZOORXNFQCUJT',7,0,NULL),(1937,'VPPMXBFBROSNHNL',7,0,NULL),(1938,'CYAXJKIFOCWADFR',7,0,NULL),(1939,'DIEVDJVQTJCUJIW',2,0,NULL),(1940,'NEZZYYOVNSAXUPA',4,0,NULL),(1941,'QULEPEZLGNKEAKQ',7,0,NULL),(1942,'GFNXVAYHSKFEOLM',5,0,NULL),(1943,'OQYDDKDFBLNDSRX',6,0,NULL),(1944,'OQWJWJBKDNONIOQ',6,0,NULL),(1945,'TEGRLVDYUQFDNQU',4,0,NULL),(1946,'HJXZJAKBSONIIPA',6,0,NULL),(1947,'VGPIXTKZLPJEQME',4,0,NULL),(1948,'YGTXZWKPRADZJEF',4,0,NULL),(1949,'ZXZBJNRTPSUBPQB',4,0,NULL),(1950,'PSOAPQCPZJPODKB',4,0,NULL),(1951,'NJTTWSNBRPXXULN',3,0,NULL),(1952,'ITQINXXKLADHDVW',3,0,NULL),(1953,'MMPPHWIJHTPDCMR',1,0,NULL),(1954,'UMNICYXARGCNRCF',1,0,NULL),(1955,'EVTAQUFFYDWQOBU',4,0,NULL),(1956,'WSAKMIDABBPKXOQ',3,0,NULL),(1957,'ETOTMZFHCIHQZKV',4,0,NULL),(1958,'XITAYSGFZRJRDSL',7,0,NULL),(1959,'SGKCWNQLMLNZRCO',6,0,NULL),(1960,'KGVQCLKZJZTLLSO',2,0,NULL),(1961,'OVVMLRCORQVEOMK',1,0,NULL),(1962,'GEHSFQNLZGXISMD',1,0,NULL),(1963,'PNADVYQYDTVZRYS',7,0,NULL),(1964,'REPMZKLDMIDQQBA',4,0,NULL),(1965,'WQYRMODJMQUUDOZ',4,0,NULL),(1966,'SASPVYQHRHAKIHN',6,0,NULL),(1967,'KBGHUPYDOJZKVKO',3,0,NULL),(1968,'NPCEQNXDTKFJJXV',3,0,NULL),(1969,'FUQOYJWLVBCDVNY',6,0,NULL),(1970,'OOHLZWQTKJTRYPU',1,0,NULL),(1971,'VDBCYYURPSRLYIV',6,0,NULL),(1972,'ZGWYIEBRUJFHZPS',5,0,NULL),(1973,'KPPPIMKLHZXCQAC',5,0,NULL),(1974,'DQEIRRIJMDSRVHV',3,0,NULL),(1975,'YPVKHNXIJSXUKFP',1,0,NULL),(1976,'VAMBVXEQTTOTDRE',1,0,NULL),(1977,'AELJERSRQHPCCZB',1,0,NULL),(1978,'YSVIDTXHYMPMMKT',5,0,NULL),(1979,'MLFPPAHINSYDFCA',6,0,NULL),(1980,'UMODFMYQKDZBLNL',3,0,NULL),(1981,'TQQXOUESXPSBVIM',4,0,NULL),(1982,'TPNLGFTWLERJINF',7,0,NULL),(1983,'CFPPNWOFEBRYVYS',3,0,NULL),(1984,'SIJYAULCHXHJGQK',7,0,NULL),(1985,'LZGYOVIFEHPHLSX',1,0,NULL),(1986,'XUUIHCXWFKFPBLM',2,0,NULL),(1987,'WDNPHRFFGBUOAEY',5,0,NULL),(1988,'QCWIGUDYDGIDDZO',4,0,NULL),(1989,'QWPSXYNELKOXQUZ',5,0,NULL),(1990,'LTIDJXVQQWICFMY',5,0,NULL),(1991,'QKZPLZLDRAUZLFI',2,0,NULL),(1992,'WJHADEQNNGRAIOD',5,0,NULL),(1993,'YGSAJIANXPVNKRF',6,0,NULL),(1994,'QBTHOHODQKYMNVI',7,0,NULL),(1995,'PNNALDJCSYNAOOQ',4,0,NULL),(1996,'BNMKDCGGSGMDWRA',1,0,NULL),(1997,'EUPUAMOUPIOUDED',3,0,NULL),(1998,'NSPVLNFVMZQCDSR',1,0,NULL),(1999,'BWCUZXOZBYQYDNF',3,0,NULL),(2000,'CHSYXSEIAKSGNYJ',2,0,NULL),(2001,'CUNFPZNSVUTUBXJ',5,0,NULL),(2002,'VEAULPFYFICUBRI',4,0,NULL),(2003,'DPCXTLYTSEGDWLG',4,0,NULL),(2004,'DTZSITFOGWKHIOX',2,0,NULL),(2005,'LFZOVBVYOZMNOES',4,0,NULL),(2006,'XKJYRSQFNSLGYZF',3,0,NULL),(2007,'BWFJOGHNITMWCTL',1,0,NULL),(2008,'CZHLLAKDPPRCOIC',4,0,NULL),(2009,'QIUMXMGICBXDDFG',3,0,NULL),(2010,'LGVUWFGAGRRFZRM',4,0,NULL),(2011,'EIMYUTOHICTNCUT',7,0,NULL),(2012,'QLNFDFCJKYREDEB',3,0,NULL),(2013,'QHUAIPBVJVGQLWC',2,0,NULL),(2014,'EYHCSQYJCOYNZXA',7,0,NULL),(2015,'RDBHVFRZKDCMZDZ',6,0,NULL),(2016,'AXPTMWGVXAQLOMI',2,0,NULL),(2017,'USPTUBJFUPIHXHP',4,0,NULL),(2018,'IYQQMWGJCLIOMUT',1,0,NULL),(2019,'QNGUQHRIFHRGTKM',2,0,NULL),(2020,'ATLHAIMABVAQADP',6,0,NULL),(2021,'ZKZZDRTONZQYYFL',7,0,NULL),(2022,'ZROPBJFRWXWXFRP',7,0,NULL),(2023,'OQHKBJBPXKDJEUB',3,0,NULL),(2024,'GQTMYQHRGVVJZUK',5,0,NULL),(2025,'KVNCBJIBSEORPUN',2,0,NULL),(2026,'HCTDGOKYYXKIHYF',5,0,NULL),(2027,'RRHOPSERZXDQCNZ',6,0,NULL),(2028,'YFSLHDLNAFMLJJY',4,0,NULL),(2029,'JPTYHRUTPGZIXUV',5,0,NULL),(2030,'EQTPPBUMUASPIMO',1,0,NULL),(2031,'LNOJSUFRRLHYGIK',7,0,NULL),(2032,'IDOJLGSZPILVTKC',4,0,NULL),(2033,'PBKHRBWMQDDKLPE',1,0,NULL),(2034,'OUOWLVAJLFIUAVP',1,0,NULL),(2035,'MXQAYNZGOUUJUYC',1,0,NULL),(2036,'XKQCLNYAAGMTHWA',3,0,NULL),(2037,'GACNIVUWGZBTEGV',6,0,NULL),(2038,'BSFMUQPGGCPARCJ',2,0,NULL),(2039,'OEJXQJXUJEJOYVV',7,0,NULL),(2040,'FQEPNGAFFWWRFMX',7,0,NULL),(2041,'YKXJUEZPGPQKZTL',1,0,NULL),(2042,'YZMUWOQGZHNNFSZ',4,0,NULL),(2043,'ABNTNESCGNEPDTW',7,0,NULL),(2044,'AHWWOYLILJRZALX',1,0,NULL),(2045,'ABSWWGIMEMFIBOH',3,0,NULL),(2046,'CJISSOXLCZHQQSG',6,0,NULL),(2047,'KKCVHKBIQJMANRL',6,0,NULL),(2048,'NVASJXFDEHWJWDR',4,0,NULL),(2049,'VHXXOBBKUAVANMG',5,0,NULL),(2050,'ETXPZSFLJQHJNZO',6,0,NULL),(2051,'GDPGAJNTKXNULBS',1,0,NULL),(2052,'XAMMRATKTHWBLAU',4,0,NULL),(2053,'RBQBHVTAWPIZGUE',7,0,NULL),(2054,'UDCGHYMKQNHAYMT',4,0,NULL),(2055,'IFGCJPDMFKEIAZD',6,0,NULL),(2056,'DHHTVOATFCLAVWU',5,0,NULL),(2057,'JRXHNBYPDHEXRSB',6,0,NULL),(2058,'JACFILJPGVIWIKA',3,0,NULL),(2059,'WQXSYKRWFUUGPEC',6,0,NULL),(2060,'NBOMNFEHJPFCMEJ',6,0,NULL),(2061,'BUCXLYLDKEETLTV',1,0,NULL),(2062,'VQQFUEKCTMBQQXQ',4,0,NULL),(2063,'EFAGBSXGGAFRRLP',1,0,NULL),(2064,'IFCSGQQVNNLMFBO',5,0,NULL),(2065,'WEDCQKVFKISVZYN',1,0,NULL),(2066,'BYWRAHLSNATRILV',1,0,NULL),(2067,'MPMOIOHAUBOVABW',3,0,NULL),(2068,'TSKRPJHMWOTBHUX',1,0,NULL),(2069,'VQMGTGHPIQPMRPH',1,0,NULL),(2070,'WJLYDCXEWMVUTLD',5,0,NULL),(2071,'ODOBETSZAZDNTWB',2,0,NULL),(2072,'MVKAZBATAIQKSBU',6,0,NULL),(2073,'NSSQTPLMEUSQUMG',1,0,NULL),(2074,'TDRURWRLWAUJNSL',7,0,NULL),(2075,'VKKPGGCSXWPSDOV',2,0,NULL),(2076,'AZZYYYVJTPPZRII',3,0,NULL),(2077,'ACNYLXQPDGXWVAR',3,0,NULL),(2078,'RKWTZAZTYIQZRDX',1,0,NULL),(2079,'UYJAGHLACQLECZQ',1,0,NULL),(2080,'XVBMFUCOFQVHGWL',7,0,NULL),(2081,'LOXEMGEDEURZHMI',1,0,NULL),(2082,'CIERIKMXMZAIKKX',6,0,NULL),(2083,'DUZCANVJAVMPSQY',1,0,NULL),(2084,'VHYYJBDFCMWZYGZ',3,0,NULL),(2085,'CVZSQTAYEBCEAIM',4,0,NULL),(2086,'JFNJCCECOVILDAE',1,0,NULL),(2087,'LEUJKHMMVVXLHTV',7,0,NULL),(2088,'OWZAFBFWRSWZUCF',3,0,NULL),(2089,'HDEXLYFYKUIYRWI',6,0,NULL),(2090,'UMUCRGBNCBSXQKN',2,0,NULL),(2091,'XMSCGFJASLJVCWD',6,0,NULL),(2092,'RPEKNVOYIZVLPTD',2,0,NULL),(2093,'UTLAGOTCNHLIVKX',2,0,NULL),(2094,'QEEBUDKHDAVTTKJ',5,0,NULL),(2095,'QSEFTITCEHPWIEY',2,0,NULL),(2096,'ZYQEPGSNLLEJCYU',6,0,NULL),(2097,'WRUKVCKLZAWOLPY',2,0,NULL),(2098,'FMOQESTUMLFTGJX',1,0,NULL),(2099,'PJBWLRGYXFVZPGR',7,0,NULL),(2100,'UXEQWEIRJNSBUXL',5,0,NULL),(2101,'ZYFTEWENFZEESKD',3,0,NULL),(2102,'OGRTNEUNPITVOBG',5,0,NULL),(2103,'BKQFSIVRWZMJAWY',4,0,NULL),(2104,'GNLQOBCUUFJINEL',7,0,NULL),(2105,'QHHHEPMHEWEABLC',1,0,NULL),(2106,'IWKBIIJXEXNJZWG',5,0,NULL),(2107,'KDRSMWSPNMCZSFR',3,0,NULL),(2108,'LSYPUBJBFFKSWET',7,0,NULL),(2109,'IIIULBXCRYCSQNC',4,0,NULL),(2110,'JYMULVFSRQUMCNC',3,0,NULL),(2111,'HXRHSAKKNNTNRSK',2,0,NULL),(2112,'YBFZIFIJYDCSTBO',4,0,NULL),(2113,'IIMDHZZATHBJYBY',6,0,NULL),(2114,'NDDAEZPCMSQMSZQ',6,0,NULL),(2115,'OLMUWPABWGRNREN',1,0,NULL),(2116,'VRTEMUIHELDMERW',1,0,NULL),(2117,'SZHBOYUSGDQJULN',4,0,NULL),(2118,'IUKNPHPROWHAWQW',3,0,NULL),(2119,'QKVEBFIUIXURUON',6,0,NULL),(2120,'AAJYAMKUCSTMNEM',7,0,NULL),(2121,'ZYTBKVNYHQFHNZV',1,0,NULL),(2122,'YWEMHKFQDRHBYXI',6,0,NULL),(2123,'KRLWPUWXURBKVQO',4,0,NULL),(2124,'NVNZNXTMDONNAAY',5,0,NULL),(2125,'TMXIOCBNCNHOLEE',1,0,NULL),(2126,'DLVXKHBDEBDRVZG',1,0,NULL),(2127,'PIEGYZOTWOSVKPA',7,0,NULL),(2128,'HLIJSMAONBGSXMF',5,0,NULL),(2129,'TVFQQUCFZJDJERQ',4,0,NULL),(2130,'HKTNDMSSSNLAQCR',1,0,NULL),(2131,'PQCANOAVKNUYOYI',7,0,NULL),(2132,'GQDANODPXCCDPVG',2,0,NULL),(2133,'POGIEFFVXGCJWEB',7,0,NULL),(2134,'DAWHDECMGQHGYKN',1,0,NULL),(2135,'AVGQRJXWOJSPJGI',7,0,NULL),(2136,'SUHIHMGGEMNIAQN',5,0,NULL),(2137,'XJLQVGVCSYYKEDY',7,0,NULL),(2138,'XGEAMVQYEHIJUCM',3,0,NULL),(2139,'ANNAAGRFLYKZRVB',2,0,NULL),(2140,'JXFSVMLKWLGYODI',5,0,NULL),(2141,'EBHPHYYSKIRLFKR',3,0,NULL),(2142,'IUEAYIJMKRMJWEJ',3,0,NULL),(2143,'UOVIMXJOKLLFUXK',6,0,NULL);
/*!40000 ALTER TABLE `company` ENABLE KEYS */;
UNLOCK TABLES;

--
-- Table structure for table `country`
--

DROP TABLE IF EXISTS `country`;
/*!40101 SET @saved_cs_client     = @@character_set_client */;
/*!50503 SET character_set_client = utf8mb4 */;
CREATE TABLE `country` (
  `id` int unsigned NOT NULL AUTO_INCREMENT,
  `country_name` varchar(60) CHARACTER SET utf8mb4 COLLATE utf8mb4_unicode_520_ci NOT NULL,
  PRIMARY KEY (`id`),
  UNIQUE KEY `country_name` (`country_name`)
) ENGINE=InnoDB AUTO_INCREMENT=3 DEFAULT CHARSET=utf8mb4 COLLATE=utf8mb4_unicode_520_ci;
/*!40101 SET character_set_client = @saved_cs_client */;

--
-- Dumping data for table `country`
--

LOCK TABLES `country` WRITE;
/*!40000 ALTER TABLE `country` DISABLE KEYS */;
INSERT INTO `country` VALUES (2,'Germany'),(1,'Turkey');
/*!40000 ALTER TABLE `country` ENABLE KEYS */;
UNLOCK TABLES;

--
-- Table structure for table `degreetype`
--

DROP TABLE IF EXISTS `degreetype`;
/*!40101 SET @saved_cs_client     = @@character_set_client */;
/*!50503 SET character_set_client = utf8mb4 */;
CREATE TABLE `degreetype` (
  `id` int unsigned NOT NULL AUTO_INCREMENT,
  `degree_type_name` varchar(50) CHARACTER SET utf8mb4 COLLATE utf8mb4_unicode_520_ci NOT NULL,
  PRIMARY KEY (`id`),
  UNIQUE KEY `degree_name` (`degree_type_name`)
) ENGINE=InnoDB AUTO_INCREMENT=6 DEFAULT CHARSET=utf8mb4 COLLATE=utf8mb4_unicode_520_ci;
/*!40101 SET character_set_client = @saved_cs_client */;

--
-- Dumping data for table `degreetype`
--

LOCK TABLES `degreetype` WRITE;
/*!40000 ALTER TABLE `degreetype` DISABLE KEYS */;
INSERT INTO `degreetype` VALUES (2,'BSc'),(4,'MA'),(1,'MSc'),(5,'Other'),(3,'PhD');
/*!40000 ALTER TABLE `degreetype` ENABLE KEYS */;
UNLOCK TABLES;

--
-- Table structure for table `educationinstitute`
--

DROP TABLE IF EXISTS `educationinstitute`;
/*!40101 SET @saved_cs_client     = @@character_set_client */;
/*!50503 SET character_set_client = utf8mb4 */;
CREATE TABLE `educationinstitute` (
  `id` int unsigned NOT NULL AUTO_INCREMENT,
  `edu_inst_name` varchar(100) CHARACTER SET utf8mb4 COLLATE utf8mb4_unicode_520_ci NOT NULL,
  `city_id` int unsigned DEFAULT NULL,
  `is_erasmus` tinyint(1) DEFAULT '0',
  `rating` tinyint DEFAULT NULL,
  PRIMARY KEY (`id`),
  UNIQUE KEY `inst_name` (`edu_inst_name`),
  KEY `FK_educationInstitute_city` (`city_id`),
  CONSTRAINT `FK_educationInstitute_city` FOREIGN KEY (`city_id`) REFERENCES `city` (`id`) ON DELETE SET NULL,
  CONSTRAINT `CHK_is_erasmus` CHECK (((`is_erasmus` = true) or ((`is_erasmus` = false) and (`rating` = NULL))))
) ENGINE=InnoDB AUTO_INCREMENT=10 DEFAULT CHARSET=utf8mb4 COLLATE=utf8mb4_unicode_520_ci;
/*!40101 SET character_set_client = @saved_cs_client */;

--
-- Dumping data for table `educationinstitute`
--

LOCK TABLES `educationinstitute` WRITE;
/*!40000 ALTER TABLE `educationinstitute` DISABLE KEYS */;
INSERT INTO `educationinstitute` VALUES (1,'Bilkent',6,0,NULL),(2,'Some Uni',11,0,NULL),(3,'OMU',55,0,NULL),(4,'ITU',34,0,NULL),(5,'Koç University',NULL,0,NULL),(6,'Frankfurt University',82,1,NULL),(8,'Berlin University',82,1,NULL);
/*!40000 ALTER TABLE `educationinstitute` ENABLE KEYS */;
UNLOCK TABLES;

--
-- Table structure for table `educationrecord`
--

DROP TABLE IF EXISTS `educationrecord`;
/*!40101 SET @saved_cs_client     = @@character_set_client */;
/*!50503 SET character_set_client = utf8mb4 */;
CREATE TABLE `educationrecord` (
  `id` int unsigned NOT NULL AUTO_INCREMENT,
  `user_id` int unsigned NOT NULL,
  `edu_inst_id` int unsigned NOT NULL,
  `degree_type_id` int unsigned NOT NULL,
  `name_of_program` varchar(100) CHARACTER SET utf8mb4 COLLATE utf8mb4_unicode_520_ci NOT NULL,
  `gpa` float DEFAULT NULL,
  `start_date` date DEFAULT NULL,
  `end_date` date DEFAULT NULL,
  `education_description` mediumtext CHARACTER SET utf8mb4 COLLATE utf8mb4_unicode_520_ci,
  `visibility` tinyint(1) DEFAULT '1',
  `is_current` tinyint(1) NOT NULL DEFAULT '0',
  `record_date` datetime NOT NULL DEFAULT CURRENT_TIMESTAMP,
  PRIMARY KEY (`id`),
  KEY `FK_educationRecord_users` (`user_id`),
  KEY `FK_educationRecord_educationInstitute` (`edu_inst_id`),
  KEY `FK_educationRecord_degreeType` (`degree_type_id`),
  CONSTRAINT `FK_educationRecord_degreeType` FOREIGN KEY (`degree_type_id`) REFERENCES `degreetype` (`id`) ON DELETE CASCADE,
  CONSTRAINT `FK_educationRecord_educationInstitute` FOREIGN KEY (`edu_inst_id`) REFERENCES `educationinstitute` (`id`) ON DELETE CASCADE,
  CONSTRAINT `FK_educationRecord_users` FOREIGN KEY (`user_id`) REFERENCES `users` (`id`) ON DELETE CASCADE
) ENGINE=InnoDB AUTO_INCREMENT=31 DEFAULT CHARSET=utf8mb4 COLLATE=utf8mb4_unicode_520_ci;
/*!40101 SET character_set_client = @saved_cs_client */;

--
-- Dumping data for table `educationrecord`
--

LOCK TABLES `educationrecord` WRITE;
/*!40000 ALTER TABLE `educationrecord` DISABLE KEYS */;
INSERT INTO `educationrecord` VALUES (1,3,4,1,'Computer Engineering',NULL,'2020-08-01','2021-05-30',NULL,0,0,'2022-12-10 21:13:01'),(2,3,4,3,'Some PhD Program',NULL,'2021-06-01',NULL,NULL,1,1,'2022-12-10 21:13:01'),(5,2,1,3,'Economics',NULL,NULL,NULL,NULL,0,1,'2022-12-11 13:09:44'),(6,5,5,3,'Physics',NULL,NULL,NULL,NULL,1,0,'2022-12-11 20:26:36'),(29,1,6,2,'Some program',0.03,'2022-02-01','2023-01-01',NULL,0,0,'2023-03-19 23:56:58');
/*!40000 ALTER TABLE `educationrecord` ENABLE KEYS */;
UNLOCK TABLES;

--
-- Table structure for table `erasmusrecord`
--

DROP TABLE IF EXISTS `erasmusrecord`;
/*!40101 SET @saved_cs_client     = @@character_set_client */;
/*!50503 SET character_set_client = utf8mb4 */;
CREATE TABLE `erasmusrecord` (
  `id` int unsigned NOT NULL AUTO_INCREMENT,
  `user_id` int unsigned NOT NULL,
  `edu_inst_id` int unsigned NOT NULL,
  `semester` varchar(20) CHARACTER SET utf8mb4 COLLATE utf8mb4_unicode_520_ci NOT NULL,
  `start_date` date NOT NULL,
  `end_date` date NOT NULL,
  `rating` float DEFAULT NULL,
  `opinion` mediumtext CHARACTER SET utf8mb4 COLLATE utf8mb4_unicode_520_ci,
  `visibility` tinyint(1) DEFAULT '1',
  `record_date` datetime NOT NULL DEFAULT CURRENT_TIMESTAMP,
  PRIMARY KEY (`id`),
  KEY `FK_erasmusRecord_users` (`user_id`),
  KEY `FK_erasmusRecord_educationInstitute` (`edu_inst_id`),
  CONSTRAINT `FK_erasmusRecord_educationInstitute` FOREIGN KEY (`edu_inst_id`) REFERENCES `educationinstitute` (`id`),
  CONSTRAINT `FK_erasmusRecord_users` FOREIGN KEY (`user_id`) REFERENCES `users` (`id`) ON DELETE CASCADE
) ENGINE=InnoDB AUTO_INCREMENT=5 DEFAULT CHARSET=utf8mb4 COLLATE=utf8mb4_unicode_520_ci;
/*!40101 SET character_set_client = @saved_cs_client */;

--
-- Dumping data for table `erasmusrecord`
--

LOCK TABLES `erasmusrecord` WRITE;
/*!40000 ALTER TABLE `erasmusrecord` DISABLE KEYS */;
INSERT INTO `erasmusrecord` VALUES (1,1,6,'Spring','2021-01-06','2021-06-12',2.5,'changed and made my rating 0',0,'2022-12-11 23:15:44'),(2,2,6,'Fall','2021-08-04','2021-12-26',5,'cool',1,'2022-12-11 23:16:21'),(3,3,8,'Fall','2021-08-04','2021-12-26',3,'Hmmmmmm',1,'2022-12-19 17:38:45');
/*!40000 ALTER TABLE `erasmusrecord` ENABLE KEYS */;
UNLOCK TABLES;

--
-- Table structure for table `exam`
--

DROP TABLE IF EXISTS `exam`;
/*!40101 SET @saved_cs_client     = @@character_set_client */;
/*!50503 SET character_set_client = utf8mb4 */;
CREATE TABLE `exam` (
  `id` int unsigned NOT NULL AUTO_INCREMENT,
  `exam_name` varchar(50) CHARACTER SET utf8mb4 COLLATE utf8mb4_unicode_520_ci NOT NULL,
  PRIMARY KEY (`id`),
  UNIQUE KEY `exam_name` (`exam_name`)
) ENGINE=InnoDB AUTO_INCREMENT=7 DEFAULT CHARSET=utf8mb4 COLLATE=utf8mb4_unicode_520_ci;
/*!40101 SET character_set_client = @saved_cs_client */;

--
-- Dumping data for table `exam`
--

LOCK TABLES `exam` WRITE;
/*!40000 ALTER TABLE `exam` DISABLE KEYS */;
INSERT INTO `exam` VALUES (3,'ABET'),(4,'GRE'),(2,'IELTS'),(1,'TOEFL'),(5,'YKS');
/*!40000 ALTER TABLE `exam` ENABLE KEYS */;
UNLOCK TABLES;

--
-- Table structure for table `graduationproject`
--

DROP TABLE IF EXISTS `graduationproject`;
/*!40101 SET @saved_cs_client     = @@character_set_client */;
/*!50503 SET character_set_client = utf8mb4 */;
CREATE TABLE `graduationproject` (
  `id` int unsigned NOT NULL AUTO_INCREMENT,
  `graduation_project_name` varchar(50) CHARACTER SET utf8mb4 COLLATE utf8mb4_unicode_520_ci NOT NULL,
  `team_number` tinyint NOT NULL,
  `product_name` varchar(50) CHARACTER SET utf8mb4 COLLATE utf8mb4_unicode_520_ci DEFAULT NULL,
  `project_year` int DEFAULT NULL,
  `semester` varchar(20) CHARACTER SET utf8mb4 COLLATE utf8mb4_unicode_520_ci NOT NULL,
  `project_description` mediumtext CHARACTER SET utf8mb4 COLLATE utf8mb4_unicode_520_ci,
  `advisor_id` int unsigned NOT NULL,
  `project_type` varchar(20) CHARACTER SET utf8mb4 COLLATE utf8mb4_unicode_520_ci NOT NULL,
  `team_pic` varchar(50) CHARACTER SET utf8mb4 COLLATE utf8mb4_unicode_520_ci DEFAULT 'defaultproject',
  `poster_pic` varchar(50) CHARACTER SET utf8mb4 COLLATE utf8mb4_unicode_520_ci DEFAULT 'defaultproject',
  `company_id` int unsigned DEFAULT NULL,
  PRIMARY KEY (`id`),
  UNIQUE KEY `project_title` (`graduation_project_name`),
  KEY `FK_graduationProject_company` (`company_id`),
  CONSTRAINT `FK_graduationProject_advisor` FOREIGN KEY (`id`) REFERENCES `users` (`id`),
  CONSTRAINT `FK_graduationProject_company` FOREIGN KEY (`company_id`) REFERENCES `company` (`id`) ON DELETE SET NULL
) ENGINE=InnoDB AUTO_INCREMENT=7 DEFAULT CHARSET=utf8mb4 COLLATE=utf8mb4_unicode_520_ci;
/*!40101 SET character_set_client = @saved_cs_client */;

--
-- Dumping data for table `graduationproject`
--

LOCK TABLES `graduationproject` WRITE;
/*!40000 ALTER TABLE `graduationproject` DISABLE KEYS */;
INSERT INTO `graduationproject` VALUES (1,'PocketCtis',0,'ProdName',2023,'Spring','A very good web app',5,'Company','defaultproject','defaultproject',4),(2,'Educational Project Name',0,'',2021,'Spring','temp description here',2,'Instructor','defaultproject','defaultproject',NULL),(3,'Some Project',0,'',2020,'Fall','temp temp temp temp',3,'Student','defaultproject','defaultproject',NULL),(6,'temp project',2,'idk',2022,'Fall','idk idk idk',5,'Company','defaulproject','defaulproject',2);
/*!40000 ALTER TABLE `graduationproject` ENABLE KEYS */;
UNLOCK TABLES;

--
-- Table structure for table `highschool`
--

DROP TABLE IF EXISTS `highschool`;
/*!40101 SET @saved_cs_client     = @@character_set_client */;
/*!50503 SET character_set_client = utf8mb4 */;
CREATE TABLE `highschool` (
  `id` int unsigned NOT NULL AUTO_INCREMENT,
  `high_school_name` varchar(256) CHARACTER SET utf8mb4 COLLATE utf8mb4_unicode_520_ci NOT NULL,
  `city_id` int unsigned DEFAULT NULL,
  PRIMARY KEY (`id`),
  UNIQUE KEY `high_school_name` (`high_school_name`),
  KEY `FK_highSchool_city` (`city_id`),
  CONSTRAINT `FK_highSchool_city` FOREIGN KEY (`city_id`) REFERENCES `city` (`id`) ON DELETE SET NULL
) ENGINE=InnoDB AUTO_INCREMENT=5 DEFAULT CHARSET=utf8mb4 COLLATE=utf8mb4_unicode_520_ci;
/*!40101 SET character_set_client = @saved_cs_client */;

--
-- Dumping data for table `highschool`
--

LOCK TABLES `highschool` WRITE;
/*!40000 ALTER TABLE `highschool` DISABLE KEYS */;
INSERT INTO `highschool` VALUES (1,'Samsun Anadolu Lisesi',55),(2,'Samsun Garip Zeycan',55),(3,'İstanbul Erkek Lisesi',NULL),(4,'Gazi Lisesi',6);
/*!40000 ALTER TABLE `highschool` ENABLE KEYS */;
UNLOCK TABLES;

--
-- Table structure for table `internshiprecord`
--

DROP TABLE IF EXISTS `internshiprecord`;
/*!40101 SET @saved_cs_client     = @@character_set_client */;
/*!50503 SET character_set_client = utf8mb4 */;
CREATE TABLE `internshiprecord` (
  `id` int unsigned NOT NULL AUTO_INCREMENT,
  `user_id` int unsigned NOT NULL,
  `company_id` int unsigned NOT NULL,
  `semester` varchar(10) CHARACTER SET utf8mb4 COLLATE utf8mb4_unicode_520_ci NOT NULL,
  `department` varchar(50) CHARACTER SET utf8mb4 COLLATE utf8mb4_unicode_520_ci NOT NULL,
  `start_date` date NOT NULL,
  `end_date` date DEFAULT NULL,
  `rating` float DEFAULT NULL,
  `opinion` mediumtext CHARACTER SET utf8mb4 COLLATE utf8mb4_unicode_520_ci,
  `visibility` tinyint(1) DEFAULT '1',
  `record_date` datetime NOT NULL DEFAULT CURRENT_TIMESTAMP,
  PRIMARY KEY (`id`),
  KEY `FK_internshipRecord_users` (`user_id`),
  KEY `FK_internshipRecord_company` (`company_id`),
  CONSTRAINT `FK_internshipRecord_company` FOREIGN KEY (`company_id`) REFERENCES `company` (`id`) ON DELETE CASCADE,
  CONSTRAINT `FK_internshipRecord_users` FOREIGN KEY (`user_id`) REFERENCES `users` (`id`) ON DELETE CASCADE
) ENGINE=InnoDB AUTO_INCREMENT=8 DEFAULT CHARSET=utf8mb4 COLLATE=utf8mb4_unicode_520_ci;
/*!40101 SET character_set_client = @saved_cs_client */;

--
-- Dumping data for table `internshiprecord`
--

LOCK TABLES `internshiprecord` WRITE;
/*!40000 ALTER TABLE `internshiprecord` DISABLE KEYS */;
INSERT INTO `internshiprecord` VALUES (1,1,1,'Summer','SW Development','2020-05-06','2020-06-06',2,NULL,1,'2022-12-10 21:57:04'),(2,1,2,'Semester','SW Development','2021-01-01','2021-04-30',1.5,'i made my rating 1.5',0,'2022-12-10 21:58:20'),(3,3,1,'Summer','A Department','2020-05-01','2020-06-23',NULL,NULL,1,'2022-12-10 21:59:09'),(4,2,3,'summer','QA','2020-06-01','2020-07-08',3,'bad',0,'2022-12-11 13:06:04'),(5,5,2,'fall','some','2022-01-01','2021-12-12',NULL,NULL,1,'2022-12-13 10:36:30');
/*!40000 ALTER TABLE `internshiprecord` ENABLE KEYS */;
UNLOCK TABLES;

--
-- Table structure for table `module`
--

DROP TABLE IF EXISTS `module`;
/*!40101 SET @saved_cs_client     = @@character_set_client */;
/*!50503 SET character_set_client = utf8mb4 */;
CREATE TABLE `module` (
  `id` int unsigned NOT NULL AUTO_INCREMENT,
  `module_name` varchar(50) CHARACTER SET utf8mb4 COLLATE utf8mb4_unicode_520_ci NOT NULL,
  `is_active` tinyint NOT NULL DEFAULT '1',
  `is_user_add_own` tinyint NOT NULL DEFAULT '-1',
  PRIMARY KEY (`id`),
  UNIQUE KEY `module_name` (`module_name`),
  CONSTRAINT `CHK_is_active` CHECK (((`is_active` >= 1) and (`is_active` <= 4))),
  CONSTRAINT `CHK_is_user_add_own` CHECK (((`is_user_add_own` >= -(1)) and (`is_user_add_own` <= 1) and (((`is_active` > 1) and (`is_user_add_own` < 1)) or (`is_active` = 1))))
) ENGINE=InnoDB DEFAULT CHARSET=utf8mb4 COLLATE=utf8mb4_unicode_520_ci;
/*!40101 SET character_set_client = @saved_cs_client */;

--
-- Dumping data for table `module`
--

LOCK TABLES `module` WRITE;
/*!40000 ALTER TABLE `module` DISABLE KEYS */;
/*!40000 ALTER TABLE `module` ENABLE KEYS */;
UNLOCK TABLES;

--
-- Table structure for table `request`
--

DROP TABLE IF EXISTS `request`;
/*!40101 SET @saved_cs_client     = @@character_set_client */;
/*!50503 SET character_set_client = utf8mb4 */;
CREATE TABLE `request` (
  `id` int unsigned NOT NULL AUTO_INCREMENT,
  `user_id` int unsigned NOT NULL,
  `description` mediumtext CHARACTER SET utf8mb4 COLLATE utf8mb4_unicode_520_ci NOT NULL,
  `work_record_id` int unsigned DEFAULT NULL,
  `education_record_id` int unsigned DEFAULT NULL,
  `request_date` datetime DEFAULT NULL,
  `is_closed` tinyint(1) DEFAULT '0',
  PRIMARY KEY (`id`),
  KEY `FK_request_users` (`user_id`),
  KEY `FK_request_workRecord` (`work_record_id`),
  KEY `FK_request_educationRecord` (`education_record_id`),
  CONSTRAINT `FK_request_educationRecord` FOREIGN KEY (`education_record_id`) REFERENCES `educationrecord` (`id`) ON DELETE CASCADE,
  CONSTRAINT `FK_request_users` FOREIGN KEY (`user_id`) REFERENCES `users` (`id`) ON DELETE CASCADE,
  CONSTRAINT `FK_request_workRecord` FOREIGN KEY (`work_record_id`) REFERENCES `workrecord` (`id`) ON DELETE CASCADE
) ENGINE=InnoDB DEFAULT CHARSET=utf8mb4 COLLATE=utf8mb4_unicode_520_ci;
/*!40101 SET character_set_client = @saved_cs_client */;

--
-- Dumping data for table `request`
--

LOCK TABLES `request` WRITE;
/*!40000 ALTER TABLE `request` DISABLE KEYS */;
/*!40000 ALTER TABLE `request` ENABLE KEYS */;
UNLOCK TABLES;

--
-- Table structure for table `sector`
--

DROP TABLE IF EXISTS `sector`;
/*!40101 SET @saved_cs_client     = @@character_set_client */;
/*!50503 SET character_set_client = utf8mb4 */;
CREATE TABLE `sector` (
  `id` int unsigned NOT NULL AUTO_INCREMENT,
  `sector_name` varchar(100) CHARACTER SET utf8mb4 COLLATE utf8mb4_unicode_520_ci NOT NULL,
  PRIMARY KEY (`id`),
  UNIQUE KEY `sector_name` (`sector_name`)
) ENGINE=InnoDB AUTO_INCREMENT=8 DEFAULT CHARSET=utf8mb4 COLLATE=utf8mb4_unicode_520_ci;
/*!40101 SET character_set_client = @saved_cs_client */;

--
-- Dumping data for table `sector`
--

LOCK TABLES `sector` WRITE;
/*!40000 ALTER TABLE `sector` DISABLE KEYS */;
INSERT INTO `sector` VALUES (1,'Banking'),(4,'Construction'),(5,'Defense'),(2,'Education'),(6,'Electronic'),(7,'IT'),(3,'Technology');
/*!40000 ALTER TABLE `sector` ENABLE KEYS */;
UNLOCK TABLES;

--
-- Table structure for table `skill`
--

DROP TABLE IF EXISTS `skill`;
/*!40101 SET @saved_cs_client     = @@character_set_client */;
/*!50503 SET character_set_client = utf8mb4 */;
CREATE TABLE `skill` (
  `id` int unsigned NOT NULL AUTO_INCREMENT,
  `skill_name` varchar(50) CHARACTER SET utf8mb4 COLLATE utf8mb4_unicode_520_ci NOT NULL,
  `skill_type_id` int unsigned NOT NULL,
  PRIMARY KEY (`id`),
  UNIQUE KEY `skill_name` (`skill_name`),
  KEY `FK_skill_skillType` (`skill_type_id`),
  CONSTRAINT `FK_skill_skillType` FOREIGN KEY (`skill_type_id`) REFERENCES `skilltype` (`id`) ON DELETE CASCADE
) ENGINE=InnoDB AUTO_INCREMENT=12 DEFAULT CHARSET=utf8mb4 COLLATE=utf8mb4_unicode_520_ci;
/*!40101 SET character_set_client = @saved_cs_client */;

--
-- Dumping data for table `skill`
--

LOCK TABLES `skill` WRITE;
/*!40000 ALTER TABLE `skill` DISABLE KEYS */;
INSERT INTO `skill` VALUES (1,'English',1),(2,'German',1),(3,'Russian',1),(4,'Japanase',1),(5,'C++',2),(6,'C',2),(7,'C#',2),(8,'Java',2),(9,'JavaScript',2);
/*!40000 ALTER TABLE `skill` ENABLE KEYS */;
UNLOCK TABLES;

--
-- Table structure for table `skilltype`
--

DROP TABLE IF EXISTS `skilltype`;
/*!40101 SET @saved_cs_client     = @@character_set_client */;
/*!50503 SET character_set_client = utf8mb4 */;
CREATE TABLE `skilltype` (
  `id` int unsigned NOT NULL AUTO_INCREMENT,
  `skill_type_name` varchar(50) CHARACTER SET utf8mb4 COLLATE utf8mb4_unicode_520_ci NOT NULL,
  PRIMARY KEY (`id`),
  UNIQUE KEY `type_name` (`skill_type_name`)
) ENGINE=InnoDB AUTO_INCREMENT=4 DEFAULT CHARSET=utf8mb4 COLLATE=utf8mb4_unicode_520_ci;
/*!40101 SET character_set_client = @saved_cs_client */;

--
-- Dumping data for table `skilltype`
--

LOCK TABLES `skilltype` WRITE;
/*!40000 ALTER TABLE `skilltype` DISABLE KEYS */;
INSERT INTO `skilltype` VALUES (2,'Programming Language'),(1,'Toolss');
/*!40000 ALTER TABLE `skilltype` ENABLE KEYS */;
UNLOCK TABLES;

--
-- Table structure for table `socialmedia`
--

DROP TABLE IF EXISTS `socialmedia`;
/*!40101 SET @saved_cs_client     = @@character_set_client */;
/*!50503 SET character_set_client = utf8mb4 */;
CREATE TABLE `socialmedia` (
  `id` int unsigned NOT NULL AUTO_INCREMENT,
  `social_media_name` varchar(50) CHARACTER SET utf8mb4 COLLATE utf8mb4_unicode_520_ci NOT NULL,
  `base_link` varchar(45) CHARACTER SET utf8mb4 COLLATE utf8mb4_unicode_520_ci DEFAULT NULL,
  PRIMARY KEY (`id`),
  UNIQUE KEY `social_media_name` (`social_media_name`)
) ENGINE=InnoDB AUTO_INCREMENT=7 DEFAULT CHARSET=utf8mb4 COLLATE=utf8mb4_unicode_520_ci;
/*!40101 SET character_set_client = @saved_cs_client */;

--
-- Dumping data for table `socialmedia`
--

LOCK TABLES `socialmedia` WRITE;
/*!40000 ALTER TABLE `socialmedia` DISABLE KEYS */;
INSERT INTO `socialmedia` VALUES (1,'Facebook','www.facebook.com/'),(2,'Linkedin','www.linkedin.com/in/'),(3,'Twitter','twitter.com/'),(4,'Github','github.com/'),(5,'Youtube','www.youtube.com/@'),(6,'Other',NULL);
/*!40000 ALTER TABLE `socialmedia` ENABLE KEYS */;
UNLOCK TABLES;

--
-- Table structure for table `studentsociety`
--

DROP TABLE IF EXISTS `studentsociety`;
/*!40101 SET @saved_cs_client     = @@character_set_client */;
/*!50503 SET character_set_client = utf8mb4 */;
CREATE TABLE `studentsociety` (
  `id` int unsigned NOT NULL AUTO_INCREMENT,
  `society_name` varchar(256) CHARACTER SET utf8mb4 COLLATE utf8mb4_unicode_520_ci NOT NULL,
  `description` mediumtext CHARACTER SET utf8mb4 COLLATE utf8mb4_unicode_520_ci,
  PRIMARY KEY (`id`),
  UNIQUE KEY `society_name` (`society_name`)
) ENGINE=InnoDB AUTO_INCREMENT=13 DEFAULT CHARSET=utf8mb4 COLLATE=utf8mb4_unicode_520_ci;
/*!40101 SET character_set_client = @saved_cs_client */;

--
-- Dumping data for table `studentsociety`
--

LOCK TABLES `studentsociety` WRITE;
/*!40000 ALTER TABLE `studentsociety` DISABLE KEYS */;
INSERT INTO `studentsociety` VALUES (1,'Tea Club','some stuff idk'),(2,'Gaming Club','We like to play games'),(3,'Art Club','Doing art and being creative'),(4,'Cinema','We watch movies every friday'),(6,'Sports','football n stuff'),(7,'Coffee ','we drink'),(8,'Chess','games '),(9,'Coding Club','nerds'),(10,'LOTR & Star Wars Club','more nerds'),(11,'Book Club','gather on thursdays'),(12,'South Park Enjoyers ',NULL);
/*!40000 ALTER TABLE `studentsociety` ENABLE KEYS */;
UNLOCK TABLES;

--
-- Table structure for table `useraccounttype`
--

DROP TABLE IF EXISTS `useraccounttype`;
/*!40101 SET @saved_cs_client     = @@character_set_client */;
/*!50503 SET character_set_client = utf8mb4 */;
CREATE TABLE `useraccounttype` (
  `id` int unsigned NOT NULL AUTO_INCREMENT,
  `user_id` int unsigned NOT NULL,
  `type_id` int unsigned NOT NULL,
  PRIMARY KEY (`id`),
  KEY `FK_userAccountType_users` (`user_id`),
  KEY `FK_userAccountType_accountType` (`type_id`),
  CONSTRAINT `FK_userAccountType_accountType` FOREIGN KEY (`type_id`) REFERENCES `accounttype` (`id`) ON DELETE CASCADE,
  CONSTRAINT `FK_userAccountType_users` FOREIGN KEY (`user_id`) REFERENCES `users` (`id`) ON DELETE CASCADE
) ENGINE=InnoDB AUTO_INCREMENT=11 DEFAULT CHARSET=utf8mb4 COLLATE=utf8mb4_unicode_520_ci;
/*!40101 SET character_set_client = @saved_cs_client */;

--
-- Dumping data for table `useraccounttype`
--

LOCK TABLES `useraccounttype` WRITE;
/*!40000 ALTER TABLE `useraccounttype` DISABLE KEYS */;
INSERT INTO `useraccounttype` VALUES (1,1,2),(2,2,1),(3,3,1),(4,4,2),(5,5,4),(6,5,2),(7,5,3),(8,6,1),(9,7,2),(10,1,4);
/*!40000 ALTER TABLE `useraccounttype` ENABLE KEYS */;
UNLOCK TABLES;

--
-- Table structure for table `usercareerobjective`
--

DROP TABLE IF EXISTS `usercareerobjective`;
/*!40101 SET @saved_cs_client     = @@character_set_client */;
/*!50503 SET character_set_client = utf8mb4 */;
CREATE TABLE `usercareerobjective` (
  `id` int unsigned NOT NULL AUTO_INCREMENT,
  `user_id` int unsigned NOT NULL,
  `career_objective` mediumtext CHARACTER SET utf8mb4 COLLATE utf8mb4_unicode_520_ci NOT NULL,
  `visibility` tinyint(1) DEFAULT '1',
  PRIMARY KEY (`id`),
  UNIQUE KEY `user_id` (`user_id`),
  CONSTRAINT `FK_userCareerObjective_users` FOREIGN KEY (`user_id`) REFERENCES `users` (`id`) ON DELETE CASCADE
) ENGINE=InnoDB AUTO_INCREMENT=39 DEFAULT CHARSET=utf8mb4 COLLATE=utf8mb4_unicode_520_ci;
/*!40101 SET character_set_client = @saved_cs_client */;

--
-- Dumping data for table `usercareerobjective`
--

LOCK TABLES `usercareerobjective` WRITE;
/*!40000 ALTER TABLE `usercareerobjective` DISABLE KEYS */;
INSERT INTO `usercareerobjective` VALUES (38,1,'grl',0);
/*!40000 ALTER TABLE `usercareerobjective` ENABLE KEYS */;
UNLOCK TABLES;

--
-- Table structure for table `usercertificate`
--

DROP TABLE IF EXISTS `usercertificate`;
/*!40101 SET @saved_cs_client     = @@character_set_client */;
/*!50503 SET character_set_client = utf8mb4 */;
CREATE TABLE `usercertificate` (
  `id` int unsigned NOT NULL AUTO_INCREMENT,
  `user_id` int unsigned NOT NULL,
  `certificate_name` varchar(256) CHARACTER SET utf8mb4 COLLATE utf8mb4_unicode_520_ci NOT NULL,
  `issuing_authority` varchar(100) CHARACTER SET utf8mb4 COLLATE utf8mb4_unicode_520_ci NOT NULL,
  `visibility` tinyint(1) DEFAULT '1',
  PRIMARY KEY (`id`),
  KEY `FK_userCertificate_users` (`user_id`),
  CONSTRAINT `FK_userCertificate_users` FOREIGN KEY (`user_id`) REFERENCES `users` (`id`) ON DELETE CASCADE
) ENGINE=InnoDB AUTO_INCREMENT=53 DEFAULT CHARSET=utf8mb4 COLLATE=utf8mb4_unicode_520_ci;
/*!40101 SET character_set_client = @saved_cs_client */;

--
-- Dumping data for table `usercertificate`
--

LOCK TABLES `usercertificate` WRITE;
/*!40000 ALTER TABLE `usercertificate` DISABLE KEYS */;
INSERT INTO `usercertificate` VALUES (2,3,'Good Person','God',0),(4,3,'Database Professional','Oracle',1),(5,3,'Honor Student','Bilkent',1),(52,1,'Cool cer','ert',0);
/*!40000 ALTER TABLE `usercertificate` ENABLE KEYS */;
UNLOCK TABLES;

--
-- Table structure for table `usercredential`
--

DROP TABLE IF EXISTS `usercredential`;
/*!40101 SET @saved_cs_client     = @@character_set_client */;
/*!50503 SET character_set_client = utf8mb4 */;
CREATE TABLE `usercredential` (
  `id` int unsigned NOT NULL AUTO_INCREMENT,
  `user_id` int unsigned NOT NULL,
  `hashed` varchar(256) CHARACTER SET utf8mb4 COLLATE utf8mb4_unicode_520_ci NOT NULL,
  `is_admin_auth` tinyint(1) NOT NULL DEFAULT '0',
  `username` varchar(20) CHARACTER SET utf8mb4 COLLATE utf8mb4_unicode_520_ci NOT NULL,
  PRIMARY KEY (`id`),
  KEY `FK_userCredential_users` (`user_id`),
  CONSTRAINT `FK_userCredential_users` FOREIGN KEY (`user_id`) REFERENCES `users` (`id`) ON DELETE CASCADE
) ENGINE=InnoDB AUTO_INCREMENT=4 DEFAULT CHARSET=utf8mb4 COLLATE=utf8mb4_unicode_520_ci;
/*!40101 SET character_set_client = @saved_cs_client */;

--
-- Dumping data for table `usercredential`
--

LOCK TABLES `usercredential` WRITE;
/*!40000 ALTER TABLE `usercredential` DISABLE KEYS */;
INSERT INTO `usercredential` VALUES (1,1,'$2b$10$.E0qSTAJDJhswAdH.2C2deQwF4n9hVWpcvcyOuXQdJaiP2sFmRFpm',0,'tempusername'),(2,2,'x',0,'work'),(3,3,'b',0,'sila');
/*!40000 ALTER TABLE `usercredential` ENABLE KEYS */;
UNLOCK TABLES;

--
-- Table structure for table `useremail`
--

DROP TABLE IF EXISTS `useremail`;
/*!40101 SET @saved_cs_client     = @@character_set_client */;
/*!50503 SET character_set_client = utf8mb4 */;
CREATE TABLE `useremail` (
  `id` int unsigned NOT NULL AUTO_INCREMENT,
  `user_id` int unsigned NOT NULL,
  `email_address` varchar(255) CHARACTER SET utf8mb4 COLLATE utf8mb4_unicode_520_ci NOT NULL,
  `visibility` tinyint(1) DEFAULT '1',
  `is_default` tinyint(1) NOT NULL DEFAULT '0',
  PRIMARY KEY (`id`),
  UNIQUE KEY `email_address` (`email_address`),
  KEY `FK_userEmail_users` (`user_id`),
  CONSTRAINT `FK_userEmail_users` FOREIGN KEY (`user_id`) REFERENCES `users` (`id`) ON DELETE CASCADE
) ENGINE=InnoDB AUTO_INCREMENT=44 DEFAULT CHARSET=utf8mb4 COLLATE=utf8mb4_unicode_520_ci;
/*!40101 SET character_set_client = @saved_cs_client */;

--
-- Dumping data for table `useremail`
--

LOCK TABLES `useremail` WRITE;
/*!40000 ALTER TABLE `useremail` DISABLE KEYS */;
INSERT INTO `useremail` VALUES (4,3,'temp@mail.com',1,0),(5,3,'temtemptempp@gmail.com',1,0),(7,3,'somethi',1,0),(8,3,'whydoyouevencarelol@gmail.com',0,1),(43,1,'glskjdfs@gmail.com',0,0);
/*!40000 ALTER TABLE `useremail` ENABLE KEYS */;
UNLOCK TABLES;

--
-- Table structure for table `userexam`
--

DROP TABLE IF EXISTS `userexam`;
/*!40101 SET @saved_cs_client     = @@character_set_client */;
/*!50503 SET character_set_client = utf8mb4 */;
CREATE TABLE `userexam` (
  `id` int unsigned NOT NULL AUTO_INCREMENT,
  `user_id` int unsigned NOT NULL,
  `exam_id` int unsigned NOT NULL,
  `grade` varchar(10) CHARACTER SET utf8mb4 COLLATE utf8mb4_unicode_520_ci NOT NULL,
  `exam_date` date DEFAULT NULL,
  `visibility` tinyint(1) DEFAULT '1',
  PRIMARY KEY (`id`),
  KEY `FK_userExam_users` (`user_id`),
  KEY `FK_userExam_exam` (`exam_id`),
  CONSTRAINT `FK_userExam_exam` FOREIGN KEY (`exam_id`) REFERENCES `exam` (`id`) ON DELETE CASCADE,
  CONSTRAINT `FK_userExam_users` FOREIGN KEY (`user_id`) REFERENCES `users` (`id`) ON DELETE CASCADE
) ENGINE=InnoDB AUTO_INCREMENT=81 DEFAULT CHARSET=utf8mb4 COLLATE=utf8mb4_unicode_520_ci;
/*!40101 SET character_set_client = @saved_cs_client */;

--
-- Dumping data for table `userexam`
--

LOCK TABLES `userexam` WRITE;
/*!40000 ALTER TABLE `userexam` DISABLE KEYS */;
INSERT INTO `userexam` VALUES (1,3,1,'100',NULL,1),(2,3,3,'90',NULL,1),(3,3,4,'340',NULL,0),(78,1,1,'55','2023-01-30',0),(80,1,1,'3434343',NULL,0);
/*!40000 ALTER TABLE `userexam` ENABLE KEYS */;
UNLOCK TABLES;

--
-- Table structure for table `usergraduationproject`
--

DROP TABLE IF EXISTS `usergraduationproject`;
/*!40101 SET @saved_cs_client     = @@character_set_client */;
/*!50503 SET character_set_client = utf8mb4 */;
CREATE TABLE `usergraduationproject` (
  `id` int unsigned NOT NULL AUTO_INCREMENT,
  `user_id` int unsigned NOT NULL,
  `graduation_project_id` int unsigned NOT NULL,
  `graduation_project_description` mediumtext CHARACTER SET utf8mb4 COLLATE utf8mb4_unicode_520_ci,
  `visibility` tinyint(1) DEFAULT '1',
  PRIMARY KEY (`id`),
  UNIQUE KEY `id_UNIQUE` (`id`),
  UNIQUE KEY `user_id_UNIQUE` (`user_id`)
) ENGINE=InnoDB AUTO_INCREMENT=5 DEFAULT CHARSET=utf8mb4 COLLATE=utf8mb4_unicode_520_ci;
/*!40101 SET character_set_client = @saved_cs_client */;

--
-- Dumping data for table `usergraduationproject`
--

LOCK TABLES `usergraduationproject` WRITE;
/*!40000 ALTER TABLE `usergraduationproject` DISABLE KEYS */;
INSERT INTO `usergraduationproject` VALUES (1,1,1,NULL,1),(2,2,3,NULL,0);
/*!40000 ALTER TABLE `usergraduationproject` ENABLE KEYS */;
UNLOCK TABLES;

--
-- Table structure for table `userhighschool`
--

DROP TABLE IF EXISTS `userhighschool`;
/*!40101 SET @saved_cs_client     = @@character_set_client */;
/*!50503 SET character_set_client = utf8mb4 */;
CREATE TABLE `userhighschool` (
  `id` int unsigned NOT NULL AUTO_INCREMENT,
  `user_id` int unsigned NOT NULL,
  `high_school_id` int unsigned NOT NULL,
  `visibility` tinyint(1) DEFAULT '1',
  PRIMARY KEY (`id`),
  KEY `FK_userHighSchool_users` (`user_id`),
  KEY `FK_userHighSchool_highSchool` (`high_school_id`),
  CONSTRAINT `FK_userHighSchool_highSchool` FOREIGN KEY (`high_school_id`) REFERENCES `highschool` (`id`) ON DELETE CASCADE,
  CONSTRAINT `FK_userHighSchool_users` FOREIGN KEY (`user_id`) REFERENCES `users` (`id`) ON DELETE CASCADE
) ENGINE=InnoDB AUTO_INCREMENT=94 DEFAULT CHARSET=utf8mb4 COLLATE=utf8mb4_unicode_520_ci;
/*!40101 SET character_set_client = @saved_cs_client */;

--
-- Dumping data for table `userhighschool`
--

LOCK TABLES `userhighschool` WRITE;
/*!40000 ALTER TABLE `userhighschool` DISABLE KEYS */;
INSERT INTO `userhighschool` VALUES (3,4,1,0),(4,3,1,0),(93,1,2,0);
/*!40000 ALTER TABLE `userhighschool` ENABLE KEYS */;
UNLOCK TABLES;

--
-- Table structure for table `userlocation`
--

DROP TABLE IF EXISTS `userlocation`;
/*!40101 SET @saved_cs_client     = @@character_set_client */;
/*!50503 SET character_set_client = utf8mb4 */;
CREATE TABLE `userlocation` (
  `id` int unsigned NOT NULL AUTO_INCREMENT,
  `user_id` int unsigned NOT NULL,
  `city_id` int unsigned DEFAULT NULL,
  `country_id` int unsigned NOT NULL,
  `visibility` tinyint(1) DEFAULT '1',
  PRIMARY KEY (`id`),
  UNIQUE KEY `user_id` (`user_id`),
  CONSTRAINT `FK_userLocation_users` FOREIGN KEY (`user_id`) REFERENCES `users` (`id`) ON DELETE CASCADE
) ENGINE=InnoDB AUTO_INCREMENT=22 DEFAULT CHARSET=utf8mb4 COLLATE=utf8mb4_unicode_520_ci;
/*!40101 SET character_set_client = @saved_cs_client */;

--
-- Dumping data for table `userlocation`
--

LOCK TABLES `userlocation` WRITE;
/*!40000 ALTER TABLE `userlocation` DISABLE KEYS */;
INSERT INTO `userlocation` VALUES (3,2,6,1,0),(7,3,1,1,0);
/*!40000 ALTER TABLE `userlocation` ENABLE KEYS */;
UNLOCK TABLES;

--
-- Table structure for table `userlog`
--

DROP TABLE IF EXISTS `userlog`;
/*!40101 SET @saved_cs_client     = @@character_set_client */;
/*!50503 SET character_set_client = utf8mb4 */;
CREATE TABLE `userlog` (
  `id` int unsigned NOT NULL AUTO_INCREMENT,
  `user_id` int unsigned DEFAULT NULL,
  `log_time` datetime NOT NULL,
  `transaction_type` varchar(20) CHARACTER SET utf8mb4 COLLATE utf8mb4_unicode_520_ci NOT NULL,
  `target_table` varchar(10) CHARACTER SET utf8mb4 COLLATE utf8mb4_unicode_520_ci NOT NULL,
  PRIMARY KEY (`id`),
  KEY `FK_userLog_users` (`user_id`),
  CONSTRAINT `FK_userLog_users` FOREIGN KEY (`user_id`) REFERENCES `users` (`id`) ON DELETE SET NULL
) ENGINE=InnoDB DEFAULT CHARSET=utf8mb4 COLLATE=utf8mb4_unicode_520_ci;
/*!40101 SET character_set_client = @saved_cs_client */;

--
-- Dumping data for table `userlog`
--

LOCK TABLES `userlog` WRITE;
/*!40000 ALTER TABLE `userlog` DISABLE KEYS */;
/*!40000 ALTER TABLE `userlog` ENABLE KEYS */;
UNLOCK TABLES;

--
-- Table structure for table `userphone`
--

DROP TABLE IF EXISTS `userphone`;
/*!40101 SET @saved_cs_client     = @@character_set_client */;
/*!50503 SET character_set_client = utf8mb4 */;
CREATE TABLE `userphone` (
  `id` int unsigned NOT NULL AUTO_INCREMENT,
  `user_id` int unsigned NOT NULL,
  `phone_number` varchar(30) CHARACTER SET utf8mb4 COLLATE utf8mb4_unicode_520_ci DEFAULT NULL,
  `visibility` tinyint(1) DEFAULT '1',
  PRIMARY KEY (`id`),
  KEY `FK_userPhone_users` (`user_id`),
  CONSTRAINT `FK_userPhone_users` FOREIGN KEY (`user_id`) REFERENCES `users` (`id`) ON DELETE CASCADE
) ENGINE=InnoDB AUTO_INCREMENT=28 DEFAULT CHARSET=utf8mb4 COLLATE=utf8mb4_unicode_520_ci;
/*!40101 SET character_set_client = @saved_cs_client */;

--
-- Dumping data for table `userphone`
--

LOCK TABLES `userphone` WRITE;
/*!40000 ALTER TABLE `userphone` DISABLE KEYS */;
INSERT INTO `userphone` VALUES (22,2,'4444',1),(26,1,'numebr here ',0),(27,1,'sdsfsdf',1);
/*!40000 ALTER TABLE `userphone` ENABLE KEYS */;
UNLOCK TABLES;

--
-- Table structure for table `userprofilepicture`
--

DROP TABLE IF EXISTS `userprofilepicture`;
/*!40101 SET @saved_cs_client     = @@character_set_client */;
/*!50503 SET character_set_client = utf8mb4 */;
CREATE TABLE `userprofilepicture` (
  `id` int unsigned NOT NULL AUTO_INCREMENT,
  `user_id` int unsigned NOT NULL,
  `profile_picture` varchar(256) CHARACTER SET utf8mb4 COLLATE utf8mb4_unicode_520_ci NOT NULL DEFAULT (_utf8mb4'defaultuser'),
  `visibility` tinyint(1) DEFAULT '1',
  PRIMARY KEY (`id`),
  UNIQUE KEY `user_id` (`user_id`),
  CONSTRAINT `FK_userProfilePicture_users` FOREIGN KEY (`user_id`) REFERENCES `users` (`id`) ON DELETE CASCADE
) ENGINE=InnoDB AUTO_INCREMENT=8 DEFAULT CHARSET=utf8mb4 COLLATE=utf8mb4_unicode_520_ci;
/*!40101 SET character_set_client = @saved_cs_client */;

--
-- Dumping data for table `userprofilepicture`
--

LOCK TABLES `userprofilepicture` WRITE;
/*!40000 ALTER TABLE `userprofilepicture` DISABLE KEYS */;
INSERT INTO `userprofilepicture` VALUES (1,1,'aaaaaaa',1),(2,2,'defaultuser',0),(3,3,'defaultuser',1),(4,4,'defaultuser',0),(5,5,'defaultuser',1),(6,6,'defaultuser',1),(7,7,'defaultuser',1);
/*!40000 ALTER TABLE `userprofilepicture` ENABLE KEYS */;
UNLOCK TABLES;

--
-- Table structure for table `userproject`
--

DROP TABLE IF EXISTS `userproject`;
/*!40101 SET @saved_cs_client     = @@character_set_client */;
/*!50503 SET character_set_client = utf8mb4 */;
CREATE TABLE `userproject` (
  `id` int unsigned NOT NULL AUTO_INCREMENT,
  `user_id` int unsigned NOT NULL,
  `project_name` varchar(45) CHARACTER SET utf8mb4 COLLATE utf8mb4_unicode_520_ci NOT NULL,
  `project_description` mediumtext CHARACTER SET utf8mb4 COLLATE utf8mb4_unicode_520_ci,
  `visibility` tinyint(1) DEFAULT '1',
  PRIMARY KEY (`id`),
  UNIQUE KEY `id_UNIQUE` (`id`)
) ENGINE=InnoDB AUTO_INCREMENT=59 DEFAULT CHARSET=utf8mb4 COLLATE=utf8mb4_unicode_520_ci;
/*!40101 SET character_set_client = @saved_cs_client */;

--
-- Dumping data for table `userproject`
--

LOCK TABLES `userproject` WRITE;
/*!40000 ALTER TABLE `userproject` DISABLE KEYS */;
INSERT INTO `userproject` VALUES (57,1,'asdasd',NULL,0),(58,1,'fddfdfdfdf','dfbnjnjnknknoıjojşojı',0);
/*!40000 ALTER TABLE `userproject` ENABLE KEYS */;
UNLOCK TABLES;

--
-- Table structure for table `users`
--

DROP TABLE IF EXISTS `users`;
/*!40101 SET @saved_cs_client     = @@character_set_client */;
/*!50503 SET character_set_client = utf8mb4 */;
CREATE TABLE `users` (
  `id` int unsigned NOT NULL AUTO_INCREMENT,
  `bilkent_id` int unsigned NOT NULL,
  `first_name` varchar(100) CHARACTER SET utf8mb4 COLLATE utf8mb4_unicode_520_ci NOT NULL,
  `nee` varchar(100) CHARACTER SET utf8mb4 COLLATE utf8mb4_unicode_520_ci DEFAULT '',
  `last_name` varchar(100) CHARACTER SET utf8mb4 COLLATE utf8mb4_unicode_520_ci NOT NULL,
  `gender` tinyint(1) NOT NULL,
  `is_retired` tinyint(1) DEFAULT '0',
  `is_active` tinyint(1) NOT NULL DEFAULT '1',
  PRIMARY KEY (`id`),
  UNIQUE KEY `bilkent_id` (`bilkent_id`),
  CONSTRAINT `CHK_is_female` CHECK ((((`gender` = 0) and (`nee` = NULL)) or (`gender` = 1)))
) ENGINE=InnoDB AUTO_INCREMENT=10 DEFAULT CHARSET=utf8mb4 COLLATE=utf8mb4_unicode_520_ci;
/*!40101 SET character_set_client = @saved_cs_client */;

--
-- Dumping data for table `users`
--

LOCK TABLES `users` WRITE;
/*!40000 ALTER TABLE `users` DISABLE KEYS */;
INSERT INTO `users` VALUES (1,2143343,'İpek','Nee','Günaltay',1,0,1),(2,2193432,'Kürşat','','Deniz',0,0,1),(3,214345,'Sıla','','Yapıcı',1,0,1),(4,215454,'Ali','','Davut',0,0,1),(5,1232,'Burcu','Özdoğru','Liman',1,0,1),(6,2343233,'Sena','Fırat','Çilekçi',1,0,1),(7,23433,'Beril','','Çilekçi',1,0,1),(9,23411,'Cem','','Yılmaz',0,0,1);
/*!40000 ALTER TABLE `users` ENABLE KEYS */;
UNLOCK TABLES;

--
-- Table structure for table `userskill`
--

DROP TABLE IF EXISTS `userskill`;
/*!40101 SET @saved_cs_client     = @@character_set_client */;
/*!50503 SET character_set_client = utf8mb4 */;
CREATE TABLE `userskill` (
  `id` int unsigned NOT NULL AUTO_INCREMENT,
  `user_id` int unsigned NOT NULL,
  `skill_id` int unsigned NOT NULL,
  `skill_level` tinyint DEFAULT NULL,
  `visibility` tinyint(1) DEFAULT '1',
  PRIMARY KEY (`id`),
  KEY `FK_userSkill_users` (`user_id`),
  KEY `FK_userSKill_skill` (`skill_id`),
  CONSTRAINT `FK_userSKill_skill` FOREIGN KEY (`skill_id`) REFERENCES `skill` (`id`) ON DELETE CASCADE,
  CONSTRAINT `FK_userSkill_users` FOREIGN KEY (`user_id`) REFERENCES `users` (`id`) ON DELETE CASCADE
) ENGINE=InnoDB AUTO_INCREMENT=390 DEFAULT CHARSET=utf8mb4 COLLATE=utf8mb4_unicode_520_ci;
/*!40101 SET character_set_client = @saved_cs_client */;

--
-- Dumping data for table `userskill`
--

LOCK TABLES `userskill` WRITE;
/*!40000 ALTER TABLE `userskill` DISABLE KEYS */;
INSERT INTO `userskill` VALUES (4,3,2,3,1),(5,3,3,1,1),(9,3,5,5,0),(386,1,6,1,0),(387,1,8,1,0),(389,1,9,2,0);
/*!40000 ALTER TABLE `userskill` ENABLE KEYS */;
UNLOCK TABLES;

--
-- Table structure for table `usersocialmedia`
--

DROP TABLE IF EXISTS `usersocialmedia`;
/*!40101 SET @saved_cs_client     = @@character_set_client */;
/*!50503 SET character_set_client = utf8mb4 */;
CREATE TABLE `usersocialmedia` (
  `id` int unsigned NOT NULL AUTO_INCREMENT,
  `user_id` int unsigned NOT NULL,
  `social_media_id` int unsigned NOT NULL,
  `link` varchar(256) CHARACTER SET utf8mb4 COLLATE utf8mb4_unicode_520_ci NOT NULL,
  `visibility` tinyint(1) DEFAULT '1',
  PRIMARY KEY (`id`),
  KEY `FK_userSocialMedia_users` (`user_id`),
  KEY `FK_userSocialMedia_socialMedia` (`social_media_id`),
  CONSTRAINT `FK_userSocialMedia_socialMedia` FOREIGN KEY (`social_media_id`) REFERENCES `socialmedia` (`id`) ON DELETE CASCADE,
  CONSTRAINT `FK_userSocialMedia_users` FOREIGN KEY (`user_id`) REFERENCES `users` (`id`) ON DELETE CASCADE
) ENGINE=InnoDB AUTO_INCREMENT=26 DEFAULT CHARSET=utf8mb4 COLLATE=utf8mb4_unicode_520_ci;
/*!40101 SET character_set_client = @saved_cs_client */;

--
-- Dumping data for table `usersocialmedia`
--

LOCK TABLES `usersocialmedia` WRITE;
/*!40000 ALTER TABLE `usersocialmedia` DISABLE KEYS */;
INSERT INTO `usersocialmedia` VALUES (3,2,3,'mmbd.com',1),(5,2,2,'asdasf',1),(23,1,1,'here',0),(24,1,1,'Hiii link',0),(25,1,6,'Hiii ',1);
/*!40000 ALTER TABLE `usersocialmedia` ENABLE KEYS */;
UNLOCK TABLES;

--
-- Table structure for table `userstudentsociety`
--

DROP TABLE IF EXISTS `userstudentsociety`;
/*!40101 SET @saved_cs_client     = @@character_set_client */;
/*!50503 SET character_set_client = utf8mb4 */;
CREATE TABLE `userstudentsociety` (
  `id` int unsigned NOT NULL AUTO_INCREMENT,
  `user_id` int unsigned NOT NULL,
  `society_id` int unsigned NOT NULL,
  `activity_status` tinyint(1) NOT NULL,
  `visibility` tinyint(1) DEFAULT '1',
  PRIMARY KEY (`id`),
  KEY `FK_userStudentSociety_users` (`user_id`),
  KEY `FK_userStudentSociety_studentSociety` (`society_id`),
  CONSTRAINT `FK_userStudentSociety_studentSociety` FOREIGN KEY (`society_id`) REFERENCES `studentsociety` (`id`) ON DELETE CASCADE,
  CONSTRAINT `FK_userStudentSociety_users` FOREIGN KEY (`user_id`) REFERENCES `users` (`id`) ON DELETE CASCADE
) ENGINE=InnoDB AUTO_INCREMENT=98 DEFAULT CHARSET=utf8mb4 COLLATE=utf8mb4_unicode_520_ci;
/*!40101 SET character_set_client = @saved_cs_client */;

--
-- Dumping data for table `userstudentsociety`
--

LOCK TABLES `userstudentsociety` WRITE;
/*!40000 ALTER TABLE `userstudentsociety` DISABLE KEYS */;
INSERT INTO `userstudentsociety` VALUES (2,3,2,1,0),(4,3,1,1,0),(5,3,4,0,1),(6,4,3,1,1),(96,1,11,1,0),(97,1,4,0,0);
/*!40000 ALTER TABLE `userstudentsociety` ENABLE KEYS */;
UNLOCK TABLES;

--
-- Table structure for table `userwantsector`
--

DROP TABLE IF EXISTS `userwantsector`;
/*!40101 SET @saved_cs_client     = @@character_set_client */;
/*!50503 SET character_set_client = utf8mb4 */;
CREATE TABLE `userwantsector` (
  `id` int unsigned NOT NULL AUTO_INCREMENT,
  `user_id` int unsigned NOT NULL,
  `sector_id` int unsigned NOT NULL,
  `visibility` tinyint(1) DEFAULT '1',
  PRIMARY KEY (`id`),
  KEY `FK_userSector_users` (`user_id`),
  KEY `FK_userSector_sector` (`sector_id`),
  CONSTRAINT `FK_userSector_sector` FOREIGN KEY (`sector_id`) REFERENCES `sector` (`id`) ON DELETE CASCADE,
  CONSTRAINT `FK_userSector_users` FOREIGN KEY (`user_id`) REFERENCES `users` (`id`) ON DELETE CASCADE
) ENGINE=InnoDB AUTO_INCREMENT=47 DEFAULT CHARSET=utf8mb4 COLLATE=utf8mb4_unicode_520_ci;
/*!40101 SET character_set_client = @saved_cs_client */;

--
-- Dumping data for table `userwantsector`
--

LOCK TABLES `userwantsector` WRITE;
/*!40000 ALTER TABLE `userwantsector` DISABLE KEYS */;
INSERT INTO `userwantsector` VALUES (3,2,3,0),(4,2,1,1),(41,1,4,0),(42,1,6,0),(43,1,3,0),(44,1,4,0),(45,1,6,0),(46,1,3,0);
/*!40000 ALTER TABLE `userwantsector` ENABLE KEYS */;
UNLOCK TABLES;

--
-- Table structure for table `workrecord`
--

DROP TABLE IF EXISTS `workrecord`;
/*!40101 SET @saved_cs_client     = @@character_set_client */;
/*!50503 SET character_set_client = utf8mb4 */;
CREATE TABLE `workrecord` (
  `id` int unsigned NOT NULL AUTO_INCREMENT,
  `user_id` int unsigned NOT NULL,
  `company_id` int unsigned DEFAULT NULL,
  `work_type_id` int unsigned NOT NULL,
  `department` varchar(100) CHARACTER SET utf8mb4 COLLATE utf8mb4_unicode_520_ci DEFAULT NULL,
  `position` varchar(100) CHARACTER SET utf8mb4 COLLATE utf8mb4_unicode_520_ci DEFAULT NULL,
  `work_description` mediumtext CHARACTER SET utf8mb4 COLLATE utf8mb4_unicode_520_ci,
  `city_id` int unsigned DEFAULT NULL,
  `country_id` int unsigned DEFAULT NULL,
  `start_date` date DEFAULT NULL,
  `end_date` date DEFAULT NULL,
  `visibility` tinyint(1) DEFAULT '1',
  `is_current` tinyint(1) NOT NULL DEFAULT '0',
  `record_date` datetime NOT NULL DEFAULT CURRENT_TIMESTAMP,
  PRIMARY KEY (`id`),
  KEY `FK_workRecord_workType` (`work_type_id`),
  KEY `FK_workRecord_users` (`user_id`),
  KEY `FK_workRecord_company` (`company_id`),
  KEY `FK_workRecord_city` (`city_id`),
  CONSTRAINT `FK_workRecord_city` FOREIGN KEY (`city_id`) REFERENCES `city` (`id`) ON DELETE SET NULL,
  CONSTRAINT `FK_workRecord_company` FOREIGN KEY (`company_id`) REFERENCES `company` (`id`) ON DELETE CASCADE,
  CONSTRAINT `FK_workRecord_users` FOREIGN KEY (`user_id`) REFERENCES `users` (`id`) ON DELETE CASCADE,
  CONSTRAINT `FK_workRecord_workType` FOREIGN KEY (`work_type_id`) REFERENCES `worktype` (`id`) ON DELETE CASCADE
) ENGINE=InnoDB AUTO_INCREMENT=130 DEFAULT CHARSET=utf8mb4 COLLATE=utf8mb4_unicode_520_ci;
/*!40101 SET character_set_client = @saved_cs_client */;

--
-- Dumping data for table `workrecord`
--

LOCK TABLES `workrecord` WRITE;
/*!40000 ALTER TABLE `workrecord` DISABLE KEYS */;
INSERT INTO `workrecord` VALUES (3,3,NULL,3,NULL,NULL,'i develop games as hobby',NULL,NULL,NULL,NULL,0,1,'2022-12-11 12:58:46'),(4,4,1,1,NULL,NULL,NULL,NULL,NULL,NULL,NULL,1,1,'2022-12-11 15:12:21'),(5,5,4,1,'Software Development','Senior Developer','I work at Arçelik',1,NULL,'2012-04-30','2021-10-31',1,1,'2022-12-11 19:20:49'),(120,2,4,2,NULL,NULL,NULL,NULL,NULL,NULL,NULL,0,0,'2023-03-18 14:08:26'),(128,1,1517,1,'department','Posiyin is here','vfdgdfgdfg',69,1,'2023-01-01',NULL,0,0,'2023-03-21 00:52:46'),(129,1,63,5,'asdasd','pos new',NULL,68,1,NULL,NULL,0,1,'2023-03-22 21:56:21');
/*!40000 ALTER TABLE `workrecord` ENABLE KEYS */;
UNLOCK TABLES;

--
-- Table structure for table `worktype`
--

DROP TABLE IF EXISTS `worktype`;
/*!40101 SET @saved_cs_client     = @@character_set_client */;
/*!50503 SET character_set_client = utf8mb4 */;
CREATE TABLE `worktype` (
  `id` int unsigned NOT NULL AUTO_INCREMENT,
  `work_type_name` varchar(20) CHARACTER SET utf8mb4 COLLATE utf8mb4_unicode_520_ci NOT NULL,
  PRIMARY KEY (`id`),
  UNIQUE KEY `type_name` (`work_type_name`)
) ENGINE=InnoDB AUTO_INCREMENT=6 DEFAULT CHARSET=utf8mb4 COLLATE=utf8mb4_unicode_520_ci;
/*!40101 SET character_set_client = @saved_cs_client */;

--
-- Dumping data for table `worktype`
--

LOCK TABLES `worktype` WRITE;
/*!40000 ALTER TABLE `worktype` DISABLE KEYS */;
INSERT INTO `worktype` VALUES (3,'Freelance'),(1,'Full Time'),(5,'Internship'),(2,'Part Time'),(4,'Volunteer');
/*!40000 ALTER TABLE `worktype` ENABLE KEYS */;
UNLOCK TABLES;
/*!40103 SET TIME_ZONE=@OLD_TIME_ZONE */;

/*!40101 SET SQL_MODE=@OLD_SQL_MODE */;
/*!40014 SET FOREIGN_KEY_CHECKS=@OLD_FOREIGN_KEY_CHECKS */;
/*!40014 SET UNIQUE_CHECKS=@OLD_UNIQUE_CHECKS */;
/*!40101 SET CHARACTER_SET_CLIENT=@OLD_CHARACTER_SET_CLIENT */;
/*!40101 SET CHARACTER_SET_RESULTS=@OLD_CHARACTER_SET_RESULTS */;
/*!40101 SET COLLATION_CONNECTION=@OLD_COLLATION_CONNECTION */;
/*!40111 SET SQL_NOTES=@OLD_SQL_NOTES */;

-- Dump completed on 2023-03-23  1:30:46
